modelo fresco: dim=192 L=6 H=6 vocab=2048
b2: modelo+corpus+buffers OK (train=30523204 val=30523204)
PPL inicial: 265.16
== step 1/12000  loss=5.5763  PPL=265.03  (16s) ==
step 2/12000  loss=5.5786
step 3/12000  loss=5.5763
step 4/12000  loss=5.5782
step 5/12000  loss=5.5812
step 6/12000  loss=5.5794
step 7/12000  loss=5.5813
step 8/12000  loss=5.5789
step 9/12000  loss=5.5798
step 10/12000  loss=5.5800
step 11/12000  loss=5.5797
step 12/12000  loss=5.5762
step 13/12000  loss=5.5801
step 14/12000  loss=5.5764
step 15/12000  loss=5.5753
step 16/12000  loss=5.5772
step 17/12000  loss=5.5703
step 18/12000  loss=5.5766
step 19/12000  loss=5.5740
step 20/12000  loss=5.5719
step 21/12000  loss=5.5749
step 22/12000  loss=5.5730
step 23/12000  loss=5.5722
step 24/12000  loss=5.5704
step 25/12000  loss=5.5703
step 26/12000  loss=5.5705
step 27/12000  loss=5.5693
step 28/12000  loss=5.5659
step 29/12000  loss=5.5656
step 30/12000  loss=5.5667
step 31/12000  loss=5.5654
step 32/12000  loss=5.5645
step 33/12000  loss=5.5608
step 34/12000  loss=5.5652
step 35/12000  loss=5.5625
step 36/12000  loss=5.5616
step 37/12000  loss=5.5605
step 38/12000  loss=5.5557
step 39/12000  loss=5.5584
step 40/12000  loss=5.5576
step 41/12000  loss=5.5540
step 42/12000  loss=5.5533
step 43/12000  loss=5.5529
step 44/12000  loss=5.5514
step 45/12000  loss=5.5504
step 46/12000  loss=5.5470
step 47/12000  loss=5.5451
step 48/12000  loss=5.5449
step 49/12000  loss=5.5466
step 50/12000  loss=5.5406
step 51/12000  loss=5.5386
step 52/12000  loss=5.5384
step 53/12000  loss=5.5366
step 54/12000  loss=5.5331
step 55/12000  loss=5.5324
step 56/12000  loss=5.5335
step 57/12000  loss=5.5302
step 58/12000  loss=5.5287
step 59/12000  loss=5.5293
step 60/12000  loss=5.5244
step 61/12000  loss=5.5221
step 62/12000  loss=5.5190
step 63/12000  loss=5.5196
step 64/12000  loss=5.5171
step 65/12000  loss=5.5158
step 66/12000  loss=5.5128
step 67/12000  loss=5.5126
step 68/12000  loss=5.5059
step 69/12000  loss=5.5059
step 70/12000  loss=5.5053
step 71/12000  loss=5.5014
step 72/12000  loss=5.4999
step 73/12000  loss=5.4971
step 74/12000  loss=5.4960
step 75/12000  loss=5.4919
step 76/12000  loss=5.4896
step 77/12000  loss=5.4859
step 78/12000  loss=5.4840
step 79/12000  loss=5.4823
step 80/12000  loss=5.4769
step 81/12000  loss=5.4790
step 82/12000  loss=5.4756
step 83/12000  loss=5.4732
step 84/12000  loss=5.4707
step 85/12000  loss=5.4650
step 86/12000  loss=5.4627
step 87/12000  loss=5.4615
step 88/12000  loss=5.4564
step 89/12000  loss=5.4582
step 90/12000  loss=5.4540
step 91/12000  loss=5.4524
step 92/12000  loss=5.4498
step 93/12000  loss=5.4481
step 94/12000  loss=5.4438
step 95/12000  loss=5.4430
step 96/12000  loss=5.4399
step 97/12000  loss=5.4364
step 98/12000  loss=5.4289
step 99/12000  loss=5.4263
step 100/12000  loss=5.4220
step 101/12000  loss=5.4217
step 102/12000  loss=5.4132
step 103/12000  loss=5.4142
step 104/12000  loss=5.4073
step 105/12000  loss=5.4078
step 106/12000  loss=5.3980
step 107/12000  loss=5.3992
step 108/12000  loss=5.4003
step 109/12000  loss=5.3931
step 110/12000  loss=5.3874
step 111/12000  loss=5.3936
step 112/12000  loss=5.3874
step 113/12000  loss=5.3767
step 114/12000  loss=5.3709
step 115/12000  loss=5.3710
step 116/12000  loss=5.3638
step 117/12000  loss=5.3652
step 118/12000  loss=5.3722
step 119/12000  loss=5.3612
step 120/12000  loss=5.3530
step 121/12000  loss=5.3537
step 122/12000  loss=5.3540
step 123/12000  loss=5.3479
step 124/12000  loss=5.3406
step 125/12000  loss=5.3445
step 126/12000  loss=5.3348
step 127/12000  loss=5.3319
step 128/12000  loss=5.3331
step 129/12000  loss=5.3245
step 130/12000  loss=5.3190
step 131/12000  loss=5.3206
step 132/12000  loss=5.3132
step 133/12000  loss=5.3058
step 134/12000  loss=5.3052
step 135/12000  loss=5.3016
step 136/12000  loss=5.2920
step 137/12000  loss=5.2901
step 138/12000  loss=5.2924
step 139/12000  loss=5.2839
step 140/12000  loss=5.2690
step 141/12000  loss=5.2726
step 142/12000  loss=5.2592
step 143/12000  loss=5.2701
step 144/12000  loss=5.2635
step 145/12000  loss=5.2629
step 146/12000  loss=5.2508
step 147/12000  loss=5.2442
step 148/12000  loss=5.2368
step 149/12000  loss=5.2309
step 150/12000  loss=5.2271
step 151/12000  loss=5.2247
step 152/12000  loss=5.2299
step 153/12000  loss=5.2082
step 154/12000  loss=5.2055
step 155/12000  loss=5.2104
step 156/12000  loss=5.2122
step 157/12000  loss=5.2004
step 158/12000  loss=5.1929
step 159/12000  loss=5.1889
step 160/12000  loss=5.1858
step 161/12000  loss=5.1749
step 162/12000  loss=5.1719
step 163/12000  loss=5.1772
step 164/12000  loss=5.1652
step 165/12000  loss=5.1436
step 166/12000  loss=5.1497
step 167/12000  loss=5.1686
step 168/12000  loss=5.1522
step 169/12000  loss=5.1419
step 170/12000  loss=5.1312
step 171/12000  loss=5.1159
step 172/12000  loss=5.1449
step 173/12000  loss=5.1114
step 174/12000  loss=5.1179
step 175/12000  loss=5.1314
step 176/12000  loss=5.0884
step 177/12000  loss=5.0986
step 178/12000  loss=5.0667
step 179/12000  loss=5.0906
step 180/12000  loss=5.0904
step 181/12000  loss=5.0772
step 182/12000  loss=5.0916
step 183/12000  loss=5.0377
step 184/12000  loss=5.0706
step 185/12000  loss=5.0546
step 186/12000  loss=5.0546
step 187/12000  loss=5.0182
step 188/12000  loss=5.0512
step 189/12000  loss=5.0406
step 190/12000  loss=5.0292
step 191/12000  loss=5.0493
step 192/12000  loss=5.0150
step 193/12000  loss=5.0033
step 194/12000  loss=4.9956
step 195/12000  loss=5.0057
step 196/12000  loss=4.9966
step 197/12000  loss=4.9832
step 198/12000  loss=4.9971
step 199/12000  loss=4.9896
step 200/12000  loss=4.9738
step 201/12000  loss=4.9807
step 202/12000  loss=4.9444
step 203/12000  loss=4.9768
step 204/12000  loss=4.9299
step 205/12000  loss=4.9326
step 206/12000  loss=4.9506
step 207/12000  loss=4.9427
step 208/12000  loss=4.9256
step 209/12000  loss=4.9368
step 210/12000  loss=4.9037
step 211/12000  loss=4.9400
step 212/12000  loss=4.9064
step 213/12000  loss=4.8948
step 214/12000  loss=4.9095
step 215/12000  loss=4.8747
step 216/12000  loss=4.8497
step 217/12000  loss=4.8753
step 218/12000  loss=4.8418
step 219/12000  loss=4.8332
step 220/12000  loss=4.8707
step 221/12000  loss=4.8490
step 222/12000  loss=4.8336
step 223/12000  loss=4.8478
step 224/12000  loss=4.8372
step 225/12000  loss=4.8321
step 226/12000  loss=4.8085
step 227/12000  loss=4.7962
step 228/12000  loss=4.7776
step 229/12000  loss=4.8098
step 230/12000  loss=4.7935
step 231/12000  loss=4.7754
step 232/12000  loss=4.7556
step 233/12000  loss=4.7505
step 234/12000  loss=4.7580
step 235/12000  loss=4.7442
step 236/12000  loss=4.7445
step 237/12000  loss=4.7362
step 238/12000  loss=4.7595
step 239/12000  loss=4.7381
step 240/12000  loss=4.6972
step 241/12000  loss=4.6783
step 242/12000  loss=4.7059
step 243/12000  loss=4.6742
step 244/12000  loss=4.6987
step 245/12000  loss=4.6868
step 246/12000  loss=4.6643
step 247/12000  loss=4.6525
step 248/12000  loss=4.6610
step 249/12000  loss=4.6216
step 250/12000  loss=4.6419
step 251/12000  loss=4.6497
step 252/12000  loss=4.6519
step 253/12000  loss=4.6287
step 254/12000  loss=4.6405
step 255/12000  loss=4.6093
step 256/12000  loss=4.6003
step 257/12000  loss=4.5947
step 258/12000  loss=4.6055
step 259/12000  loss=4.5968
step 260/12000  loss=4.5791
step 261/12000  loss=4.5878
step 262/12000  loss=4.5842
step 263/12000  loss=4.5496
step 264/12000  loss=4.5234
step 265/12000  loss=4.5180
step 266/12000  loss=4.5208
step 267/12000  loss=4.4870
step 268/12000  loss=4.5152
step 269/12000  loss=4.4565
step 270/12000  loss=4.4540
step 271/12000  loss=4.4770
step 272/12000  loss=4.4781
step 273/12000  loss=4.4805
step 274/12000  loss=4.4802
step 275/12000  loss=4.4391
step 276/12000  loss=4.4402
step 277/12000  loss=4.4368
step 278/12000  loss=4.4260
step 279/12000  loss=4.4099
step 280/12000  loss=4.3722
step 281/12000  loss=4.4408
step 282/12000  loss=4.3778
step 283/12000  loss=4.3869
step 284/12000  loss=4.3634
step 285/12000  loss=4.3433
step 286/12000  loss=4.3578
step 287/12000  loss=4.3562
step 288/12000  loss=4.3790
step 289/12000  loss=4.3435
step 290/12000  loss=4.3667
step 291/12000  loss=4.3462
step 292/12000  loss=4.3215
step 293/12000  loss=4.3224
step 294/12000  loss=4.2907
step 295/12000  loss=4.3361
step 296/12000  loss=4.2959
step 297/12000  loss=4.3059
step 298/12000  loss=4.3214
step 299/12000  loss=4.2611
step 300/12000  loss=4.2399
step 301/12000  loss=4.1798
step 302/12000  loss=4.2414
step 303/12000  loss=4.2360
step 304/12000  loss=4.2396
step 305/12000  loss=4.2329
step 306/12000  loss=4.1852
step 307/12000  loss=4.2252
step 308/12000  loss=4.2380
step 309/12000  loss=4.2206
step 310/12000  loss=4.1443
step 311/12000  loss=4.1753
step 312/12000  loss=4.1207
step 313/12000  loss=4.1370
step 314/12000  loss=4.1507
step 315/12000  loss=4.1985
step 316/12000  loss=4.1023
step 317/12000  loss=4.1164
step 318/12000  loss=4.0831
step 319/12000  loss=4.0877
step 320/12000  loss=4.1069
step 321/12000  loss=4.0903
step 322/12000  loss=4.0715
step 323/12000  loss=4.0633
step 324/12000  loss=4.1007
step 325/12000  loss=4.0584
step 326/12000  loss=4.0376
step 327/12000  loss=4.0804
step 328/12000  loss=4.0163
step 329/12000  loss=3.9908
step 330/12000  loss=3.9533
step 331/12000  loss=4.0481
step 332/12000  loss=4.0045
step 333/12000  loss=4.0201
step 334/12000  loss=3.9572
step 335/12000  loss=3.9643
step 336/12000  loss=3.9384
step 337/12000  loss=4.0448
step 338/12000  loss=3.9559
step 339/12000  loss=3.9684
step 340/12000  loss=3.9352
step 341/12000  loss=3.8865
step 342/12000  loss=3.9598
step 343/12000  loss=3.8827
step 344/12000  loss=3.9075
step 345/12000  loss=3.9551
step 346/12000  loss=3.8801
step 347/12000  loss=3.9539
step 348/12000  loss=3.8289
step 349/12000  loss=3.8347
step 350/12000  loss=3.8675
step 351/12000  loss=3.8266
step 352/12000  loss=3.8966
step 353/12000  loss=3.8757
step 354/12000  loss=3.8622
step 355/12000  loss=3.8003
step 356/12000  loss=3.8330
step 357/12000  loss=3.8153
step 358/12000  loss=3.8559
step 359/12000  loss=3.7019
step 360/12000  loss=3.7090
step 361/12000  loss=3.8013
step 362/12000  loss=3.6647
step 363/12000  loss=3.7899
step 364/12000  loss=3.8022
step 365/12000  loss=3.7381
step 366/12000  loss=3.7269
step 367/12000  loss=3.7031
step 368/12000  loss=3.7079
step 369/12000  loss=3.7923
step 370/12000  loss=3.6778
step 371/12000  loss=3.7227
step 372/12000  loss=3.7229
step 373/12000  loss=3.6478
step 374/12000  loss=3.7253
step 375/12000  loss=3.6187
step 376/12000  loss=3.6501
step 377/12000  loss=3.5593
step 378/12000  loss=3.6333
step 379/12000  loss=3.6448
step 380/12000  loss=3.6460
step 381/12000  loss=3.5264
step 382/12000  loss=3.6354
step 383/12000  loss=3.6145
step 384/12000  loss=3.5896
step 385/12000  loss=3.6222
step 386/12000  loss=3.4945
step 387/12000  loss=3.6153
step 388/12000  loss=3.5857
step 389/12000  loss=3.6394
step 390/12000  loss=3.4744
step 391/12000  loss=3.5973
step 392/12000  loss=3.4980
step 393/12000  loss=3.5645
step 394/12000  loss=3.5483
step 395/12000  loss=3.4178
step 396/12000  loss=3.5372
step 397/12000  loss=3.5118
step 398/12000  loss=3.4199
step 399/12000  loss=3.5688
step 400/12000  loss=3.5277
step 401/12000  loss=3.5004
step 402/12000  loss=3.5068
step 403/12000  loss=3.5544
step 404/12000  loss=3.4953
step 405/12000  loss=3.5284
step 406/12000  loss=3.4939
step 407/12000  loss=3.5026
step 408/12000  loss=3.4499
step 409/12000  loss=3.4917
step 410/12000  loss=3.3944
step 411/12000  loss=3.3826
step 412/12000  loss=3.3574
step 413/12000  loss=3.3322
step 414/12000  loss=3.4488
step 415/12000  loss=3.3861
step 416/12000  loss=3.4173
step 417/12000  loss=3.4052
step 418/12000  loss=3.4100
step 419/12000  loss=3.2636
step 420/12000  loss=3.3560
step 421/12000  loss=3.2506
step 422/12000  loss=3.2439
step 423/12000  loss=3.3036
step 424/12000  loss=3.3860
step 425/12000  loss=3.3663
step 426/12000  loss=3.2460
step 427/12000  loss=3.2230
step 428/12000  loss=3.3170
step 429/12000  loss=3.3505
step 430/12000  loss=3.3544
step 431/12000  loss=3.2169
step 432/12000  loss=3.2943
step 433/12000  loss=3.3201
step 434/12000  loss=3.2960
step 435/12000  loss=3.2549
step 436/12000  loss=3.2815
step 437/12000  loss=3.2716
step 438/12000  loss=3.1797
step 439/12000  loss=3.2673
step 440/12000  loss=3.2296
step 441/12000  loss=3.2847
step 442/12000  loss=3.1980
step 443/12000  loss=3.2533
step 444/12000  loss=3.2896
step 445/12000  loss=3.1967
step 446/12000  loss=3.3484
step 447/12000  loss=3.2001
step 448/12000  loss=3.2200
step 449/12000  loss=3.2508
step 450/12000  loss=3.2139
step 451/12000  loss=3.0438
step 452/12000  loss=3.1262
step 453/12000  loss=3.1704
step 454/12000  loss=3.1591
step 455/12000  loss=3.2152
step 456/12000  loss=3.1774
step 457/12000  loss=3.0071
step 458/12000  loss=3.1236
step 459/12000  loss=3.1474
step 460/12000  loss=3.1994
step 461/12000  loss=3.1205
step 462/12000  loss=3.0712
step 463/12000  loss=3.1076
step 464/12000  loss=3.1283
step 465/12000  loss=3.0935
step 466/12000  loss=3.1209
step 467/12000  loss=3.1093
step 468/12000  loss=3.1397
step 469/12000  loss=3.0669
step 470/12000  loss=3.1861
step 471/12000  loss=3.1070
step 472/12000  loss=3.1350
step 473/12000  loss=3.1003
step 474/12000  loss=3.1064
step 475/12000  loss=3.1024
step 476/12000  loss=3.0813
step 477/12000  loss=3.0074
step 478/12000  loss=3.1245
step 479/12000  loss=3.1289
step 480/12000  loss=3.0050
step 481/12000  loss=3.1059
step 482/12000  loss=3.0188
step 483/12000  loss=3.1429
step 484/12000  loss=2.9977
step 485/12000  loss=3.0289
step 486/12000  loss=2.9364
step 487/12000  loss=3.0647
step 488/12000  loss=2.9837
step 489/12000  loss=3.0919
step 490/12000  loss=3.0098
step 491/12000  loss=3.0468
step 492/12000  loss=2.9809
step 493/12000  loss=2.9967
step 494/12000  loss=2.9578
step 495/12000  loss=2.9277
step 496/12000  loss=2.9682
step 497/12000  loss=3.0304
step 498/12000  loss=2.8949
step 499/12000  loss=2.9278
== step 500/12000  loss=2.9168  PPL=18.27  (1965s) ==
step 501/12000  loss=3.0106
step 502/12000  loss=2.9131
step 503/12000  loss=2.9332
step 504/12000  loss=2.9059
step 505/12000  loss=2.9459
step 506/12000  loss=2.9618
step 507/12000  loss=2.8056
step 508/12000  loss=2.8352
step 509/12000  loss=2.7758
step 510/12000  loss=2.8703
step 511/12000  loss=2.9760
step 512/12000  loss=2.8698
step 513/12000  loss=2.9580
step 514/12000  loss=2.7805
step 515/12000  loss=2.8042
step 516/12000  loss=2.9129
step 517/12000  loss=2.8597
step 518/12000  loss=2.9091
step 519/12000  loss=2.9033
step 520/12000  loss=2.9336
step 521/12000  loss=2.9062
step 522/12000  loss=2.7263
step 523/12000  loss=2.9392
step 524/12000  loss=2.8287
step 525/12000  loss=2.8355
step 526/12000  loss=2.7992
step 527/12000  loss=2.8736
step 528/12000  loss=2.7776
step 529/12000  loss=2.7614
step 530/12000  loss=2.7307
step 531/12000  loss=2.9025
step 532/12000  loss=2.8244
step 533/12000  loss=2.8879
step 534/12000  loss=2.7553
step 535/12000  loss=2.8222
step 536/12000  loss=2.8737
step 537/12000  loss=2.7026
step 538/12000  loss=2.7604
step 539/12000  loss=2.8763
step 540/12000  loss=2.9027
step 541/12000  loss=2.7093
step 542/12000  loss=2.8057
step 543/12000  loss=2.7394
step 544/12000  loss=2.6541
step 545/12000  loss=2.6937
step 546/12000  loss=2.7284
step 547/12000  loss=2.7915
step 548/12000  loss=2.8194
step 549/12000  loss=2.8343
step 550/12000  loss=2.7536
step 551/12000  loss=2.7636
step 552/12000  loss=2.8002
step 553/12000  loss=2.7298
step 554/12000  loss=2.7198
step 555/12000  loss=2.7559
step 556/12000  loss=2.7591
step 557/12000  loss=2.7709
step 558/12000  loss=2.8258
step 559/12000  loss=2.8143
step 560/12000  loss=2.7842
step 561/12000  loss=2.7587
step 562/12000  loss=2.6384
step 563/12000  loss=2.7392
step 564/12000  loss=2.7403
step 565/12000  loss=2.7179
step 566/12000  loss=2.6563
step 567/12000  loss=2.6865
step 568/12000  loss=2.7419
step 569/12000  loss=2.6146
step 570/12000  loss=2.8281
step 571/12000  loss=2.6639
step 572/12000  loss=2.6464
step 573/12000  loss=2.6417
step 574/12000  loss=2.7952
step 575/12000  loss=2.5886
step 576/12000  loss=2.7522
step 577/12000  loss=2.7774
step 578/12000  loss=2.6123
step 579/12000  loss=2.6572
step 580/12000  loss=2.6166
step 581/12000  loss=2.6309
step 582/12000  loss=2.5805
step 583/12000  loss=2.6853
step 584/12000  loss=2.6874
step 585/12000  loss=2.6707
step 586/12000  loss=2.6213
step 587/12000  loss=2.6081
step 588/12000  loss=2.6433
step 589/12000  loss=2.5426
step 590/12000  loss=2.6038
step 591/12000  loss=2.6195
step 592/12000  loss=2.6358
step 593/12000  loss=2.5049
step 594/12000  loss=2.6185
step 595/12000  loss=2.5376
step 596/12000  loss=2.7185
step 597/12000  loss=2.5314
step 598/12000  loss=2.5462
step 599/12000  loss=2.5764
step 600/12000  loss=2.5776
step 601/12000  loss=2.5608
step 602/12000  loss=2.5254
step 603/12000  loss=2.6235
step 604/12000  loss=2.5228
step 605/12000  loss=2.6244
step 606/12000  loss=2.4650
step 607/12000  loss=2.6141
step 608/12000  loss=2.6372
step 609/12000  loss=2.6023
step 610/12000  loss=2.5497
step 611/12000  loss=2.5380
step 612/12000  loss=2.6187
step 613/12000  loss=2.6411
step 614/12000  loss=2.4777
step 615/12000  loss=2.6257
step 616/12000  loss=2.5777
step 617/12000  loss=2.4703
step 618/12000  loss=2.4818
step 619/12000  loss=2.6133
step 620/12000  loss=2.5355
step 621/12000  loss=2.5815
step 622/12000  loss=2.5687
step 623/12000  loss=2.4331
step 624/12000  loss=2.5907
step 625/12000  loss=2.4954
step 626/12000  loss=2.4213
step 627/12000  loss=2.5883
step 628/12000  loss=2.4621
step 629/12000  loss=2.5364
step 630/12000  loss=2.4451
step 631/12000  loss=2.6258
step 632/12000  loss=2.5538
step 633/12000  loss=2.4897
step 634/12000  loss=2.5508
step 635/12000  loss=2.5654
step 636/12000  loss=2.4940
step 637/12000  loss=2.5337
step 638/12000  loss=2.6009
step 639/12000  loss=2.4494
step 640/12000  loss=2.5351
step 641/12000  loss=2.4720
step 642/12000  loss=2.5909
step 643/12000  loss=2.4086
step 644/12000  loss=2.4682
step 645/12000  loss=2.5166
step 646/12000  loss=2.4782
step 647/12000  loss=2.4990
step 648/12000  loss=2.4521
step 649/12000  loss=2.5957
step 650/12000  loss=2.5157
step 651/12000  loss=2.3424
step 652/12000  loss=2.4902
step 653/12000  loss=2.4810
step 654/12000  loss=2.3796
step 655/12000  loss=2.2998
step 656/12000  loss=2.4836
step 657/12000  loss=2.5095
step 658/12000  loss=2.4296
step 659/12000  loss=2.4766
step 660/12000  loss=2.4638
step 661/12000  loss=2.4065
step 662/12000  loss=2.4758
step 663/12000  loss=2.4215
step 664/12000  loss=2.5029
step 665/12000  loss=2.5493
step 666/12000  loss=2.4278
step 667/12000  loss=2.4828
step 668/12000  loss=2.4627
step 669/12000  loss=2.5438
step 670/12000  loss=2.4940
step 671/12000  loss=2.5285
step 672/12000  loss=2.5442
step 673/12000  loss=2.4350
step 674/12000  loss=2.4268
step 675/12000  loss=2.4978
step 676/12000  loss=2.4203
step 677/12000  loss=2.4700
step 678/12000  loss=2.4494
step 679/12000  loss=2.4050
step 680/12000  loss=2.5105
step 681/12000  loss=2.4150
step 682/12000  loss=2.3782
step 683/12000  loss=2.4149
step 684/12000  loss=2.4785
step 685/12000  loss=2.4379
step 686/12000  loss=2.5398
step 687/12000  loss=2.4011
step 688/12000  loss=2.3425
step 689/12000  loss=2.4032
step 690/12000  loss=2.4435
step 691/12000  loss=2.4352
step 692/12000  loss=2.4587
step 693/12000  loss=2.4092
step 694/12000  loss=2.3633
step 695/12000  loss=2.4244
step 696/12000  loss=2.5074
step 697/12000  loss=2.4273
step 698/12000  loss=2.3189
step 699/12000  loss=2.3247
step 700/12000  loss=2.3382
step 701/12000  loss=2.4346
step 702/12000  loss=2.4589
step 703/12000  loss=2.3526
step 704/12000  loss=2.3814
step 705/12000  loss=2.4184
step 706/12000  loss=2.2653
step 707/12000  loss=2.3576
step 708/12000  loss=2.4166
step 709/12000  loss=2.2930
step 710/12000  loss=2.3638
step 711/12000  loss=2.3591
step 712/12000  loss=2.4071
step 713/12000  loss=2.4924
step 714/12000  loss=2.2668
step 715/12000  loss=2.3491
step 716/12000  loss=2.2678
step 717/12000  loss=2.4968
step 718/12000  loss=2.3131
step 719/12000  loss=2.4039
step 720/12000  loss=2.1892
step 721/12000  loss=2.3546
step 722/12000  loss=2.3647
step 723/12000  loss=2.3515
step 724/12000  loss=2.4338
step 725/12000  loss=2.3036
step 726/12000  loss=2.3120
step 727/12000  loss=2.2503
step 728/12000  loss=2.2632
step 729/12000  loss=2.4476
step 730/12000  loss=2.3849
step 731/12000  loss=2.3518
step 732/12000  loss=2.3132
step 733/12000  loss=2.3795
step 734/12000  loss=2.3334
step 735/12000  loss=2.3420
step 736/12000  loss=2.2841
step 737/12000  loss=2.2701
step 738/12000  loss=2.4243
step 739/12000  loss=2.2703
step 740/12000  loss=2.4080
step 741/12000  loss=2.2791
step 742/12000  loss=2.2875
step 743/12000  loss=2.3053
step 744/12000  loss=2.2834
step 745/12000  loss=2.3559
step 746/12000  loss=2.2545
step 747/12000  loss=2.2277
step 748/12000  loss=2.2749
step 749/12000  loss=2.2852
step 750/12000  loss=2.3369
step 751/12000  loss=2.3760
step 752/12000  loss=2.3224
step 753/12000  loss=2.3124
step 754/12000  loss=2.2652
step 755/12000  loss=2.2805
step 756/12000  loss=2.3852
step 757/12000  loss=2.2777
step 758/12000  loss=2.3475
step 759/12000  loss=2.2017
step 760/12000  loss=2.3150
step 761/12000  loss=2.2450
step 762/12000  loss=2.3135
step 763/12000  loss=2.2620
step 764/12000  loss=2.3518
step 765/12000  loss=2.1940
step 766/12000  loss=2.2850
step 767/12000  loss=2.2040
step 768/12000  loss=2.3232
step 769/12000  loss=2.3136
step 770/12000  loss=2.2804
step 771/12000  loss=2.3118
step 772/12000  loss=2.2912
step 773/12000  loss=2.2769
step 774/12000  loss=2.3133
step 775/12000  loss=2.2660
step 776/12000  loss=2.3058
step 777/12000  loss=2.1942
step 778/12000  loss=2.2164
step 779/12000  loss=2.2527
step 780/12000  loss=2.2348
step 781/12000  loss=2.2083
step 782/12000  loss=2.3536
step 783/12000  loss=2.2611
step 784/12000  loss=2.2617
step 785/12000  loss=2.3503
step 786/12000  loss=2.3253
step 787/12000  loss=2.1838
step 788/12000  loss=2.3071
step 789/12000  loss=2.2010
step 790/12000  loss=2.2221
step 791/12000  loss=2.1265
step 792/12000  loss=2.1702
step 793/12000  loss=2.1670
step 794/12000  loss=2.1378
step 795/12000  loss=2.2912
step 796/12000  loss=2.2668
step 797/12000  loss=2.3328
step 798/12000  loss=2.2338
step 799/12000  loss=2.1223
step 800/12000  loss=2.2844
step 801/12000  loss=2.2021
step 802/12000  loss=2.1879
step 803/12000  loss=2.2104
step 804/12000  loss=2.1398
step 805/12000  loss=2.2675
step 806/12000  loss=2.2254
step 807/12000  loss=2.0442
step 808/12000  loss=2.3078
step 809/12000  loss=2.3173
step 810/12000  loss=2.1396
step 811/12000  loss=2.1802
step 812/12000  loss=2.2246
step 813/12000  loss=2.2795
step 814/12000  loss=2.1807
step 815/12000  loss=2.4314
step 816/12000  loss=2.1856
step 817/12000  loss=2.1632
step 818/12000  loss=2.2387
step 819/12000  loss=2.3251
step 820/12000  loss=2.2390
step 821/12000  loss=2.2057
step 822/12000  loss=2.1139
step 823/12000  loss=2.1271
step 824/12000  loss=2.2265
step 825/12000  loss=2.1424
step 826/12000  loss=2.0847
step 827/12000  loss=2.3094
step 828/12000  loss=2.2020
step 829/12000  loss=2.3025
step 830/12000  loss=2.1967
step 831/12000  loss=2.2226
step 832/12000  loss=2.1415
step 833/12000  loss=2.1409
step 834/12000  loss=2.2131
step 835/12000  loss=2.1873
step 836/12000  loss=2.2713
step 837/12000  loss=2.1387
step 838/12000  loss=2.1306
step 839/12000  loss=2.2296
step 840/12000  loss=2.2607
step 841/12000  loss=2.2471
step 842/12000  loss=2.1359
step 843/12000  loss=2.2694
step 844/12000  loss=2.3001
step 845/12000  loss=2.1494
step 846/12000  loss=2.2481
step 847/12000  loss=2.1660
step 848/12000  loss=2.2014
step 849/12000  loss=2.2613
step 850/12000  loss=2.1339
step 851/12000  loss=2.2144
step 852/12000  loss=2.1203
step 853/12000  loss=2.2616
step 854/12000  loss=2.0727
step 855/12000  loss=2.1845
step 856/12000  loss=2.2323
step 857/12000  loss=2.1463
step 858/12000  loss=2.1747
step 859/12000  loss=2.1072
step 860/12000  loss=2.1514
step 861/12000  loss=2.3222
step 862/12000  loss=2.1026
step 863/12000  loss=2.1896
step 864/12000  loss=2.1941
step 865/12000  loss=2.1538
step 866/12000  loss=2.2314
step 867/12000  loss=2.1489
step 868/12000  loss=2.2229
step 869/12000  loss=2.2427
step 870/12000  loss=2.1699
step 871/12000  loss=2.1219
step 872/12000  loss=2.1808
step 873/12000  loss=2.2628
step 874/12000  loss=2.1060
step 875/12000  loss=2.2339
step 876/12000  loss=2.2770
step 877/12000  loss=2.0609
step 878/12000  loss=2.1236
step 879/12000  loss=2.0349
step 880/12000  loss=2.2221
step 881/12000  loss=2.1756
step 882/12000  loss=2.0715
step 883/12000  loss=2.2780
step 884/12000  loss=2.2050
step 885/12000  loss=2.0952
step 886/12000  loss=2.2321
step 887/12000  loss=2.1467
step 888/12000  loss=2.1782
step 889/12000  loss=2.1204
step 890/12000  loss=2.1701
step 891/12000  loss=2.1454
step 892/12000  loss=2.1089
step 893/12000  loss=2.1143
step 894/12000  loss=2.0845
step 895/12000  loss=2.2168
step 896/12000  loss=2.2355
step 897/12000  loss=2.1286
step 898/12000  loss=2.1643
step 899/12000  loss=2.0658
step 900/12000  loss=2.1291
step 901/12000  loss=2.1514
step 902/12000  loss=2.1535
step 903/12000  loss=2.1148
step 904/12000  loss=2.1585
step 905/12000  loss=2.1444
step 906/12000  loss=2.2770
step 907/12000  loss=2.0561
step 908/12000  loss=2.1104
step 909/12000  loss=2.0924
step 910/12000  loss=2.1821
step 911/12000  loss=2.1429
step 912/12000  loss=2.0920
step 913/12000  loss=2.1561
step 914/12000  loss=2.1292
step 915/12000  loss=2.0606
step 916/12000  loss=2.1960
step 917/12000  loss=2.1995
step 918/12000  loss=2.0593
step 919/12000  loss=2.0688
step 920/12000  loss=2.1467
step 921/12000  loss=2.1235
step 922/12000  loss=2.1639
step 923/12000  loss=2.1283
step 924/12000  loss=2.1159
step 925/12000  loss=2.1450
step 926/12000  loss=2.1332
step 927/12000  loss=2.1193
step 928/12000  loss=2.0600
step 929/12000  loss=2.0509
step 930/12000  loss=2.1374
step 931/12000  loss=2.0766
step 932/12000  loss=2.2265
step 933/12000  loss=2.1660
step 934/12000  loss=2.0753
step 935/12000  loss=1.9696
step 936/12000  loss=2.1730
step 937/12000  loss=2.0554
step 938/12000  loss=2.1113
step 939/12000  loss=2.1154
step 940/12000  loss=2.0566
step 941/12000  loss=2.1221
step 942/12000  loss=2.0239
step 943/12000  loss=2.1895
step 944/12000  loss=2.1487
step 945/12000  loss=1.9939
step 946/12000  loss=2.1701
step 947/12000  loss=2.0683
step 948/12000  loss=2.2642
step 949/12000  loss=2.0931
step 950/12000  loss=2.0672
step 951/12000  loss=2.2021
step 952/12000  loss=2.1410
step 953/12000  loss=2.1132
step 954/12000  loss=2.1096
step 955/12000  loss=2.1328
step 956/12000  loss=2.1868
step 957/12000  loss=2.1480
step 958/12000  loss=2.0261
step 959/12000  loss=2.0646
step 960/12000  loss=2.1962
step 961/12000  loss=2.1997
step 962/12000  loss=2.1182
step 963/12000  loss=2.1546
step 964/12000  loss=2.1203
step 965/12000  loss=2.0283
step 966/12000  loss=2.1599
step 967/12000  loss=2.0013
step 968/12000  loss=2.0673
step 969/12000  loss=2.1066
step 970/12000  loss=2.0367
step 971/12000  loss=2.1831
step 972/12000  loss=2.0656
step 973/12000  loss=2.0863
step 974/12000  loss=2.1319
step 975/12000  loss=2.0315
step 976/12000  loss=2.0748
step 977/12000  loss=1.9434
step 978/12000  loss=2.1128
step 979/12000  loss=2.0703
step 980/12000  loss=2.0451
step 981/12000  loss=2.0980
step 982/12000  loss=2.0717
step 983/12000  loss=2.1343
step 984/12000  loss=2.0723
step 985/12000  loss=2.0985
step 986/12000  loss=2.0956
step 987/12000  loss=2.0544
step 988/12000  loss=2.1159
step 989/12000  loss=2.1373
step 990/12000  loss=2.0693
step 991/12000  loss=2.0885
step 992/12000  loss=2.0151
step 993/12000  loss=2.1799
step 994/12000  loss=2.0350
step 995/12000  loss=2.0038
step 996/12000  loss=2.1042
step 997/12000  loss=2.0306
step 998/12000  loss=2.1293
step 999/12000  loss=2.0467
== step 1000/12000  loss=2.0643  PPL=7.79  (3903s) ==
step 1001/12000  loss=2.0861
step 1002/12000  loss=2.2103
step 1003/12000  loss=2.1289
step 1004/12000  loss=2.0861
step 1005/12000  loss=2.0062
step 1006/12000  loss=2.0885
step 1007/12000  loss=2.0871
step 1008/12000  loss=2.0504
step 1009/12000  loss=2.1192
step 1010/12000  loss=2.2032
step 1011/12000  loss=2.0130
step 1012/12000  loss=2.0740
step 1013/12000  loss=1.9434
step 1014/12000  loss=2.0121
step 1015/12000  loss=2.0512
step 1016/12000  loss=2.0129
step 1017/12000  loss=2.0021
step 1018/12000  loss=2.0755
step 1019/12000  loss=2.0614
step 1020/12000  loss=1.9427
step 1021/12000  loss=2.2234
step 1022/12000  loss=1.9883
step 1023/12000  loss=2.1222
step 1024/12000  loss=2.1602
step 1025/12000  loss=2.0233
step 1026/12000  loss=2.0077
step 1027/12000  loss=1.9686
step 1028/12000  loss=2.1978
step 1029/12000  loss=2.0691
step 1030/12000  loss=2.0156
step 1031/12000  loss=2.0290
step 1032/12000  loss=2.0503
step 1033/12000  loss=2.0624
step 1034/12000  loss=2.1540
step 1035/12000  loss=2.1562
step 1036/12000  loss=2.1058
step 1037/12000  loss=2.0652
step 1038/12000  loss=2.0727
step 1039/12000  loss=1.9848
step 1040/12000  loss=2.0542
step 1041/12000  loss=2.1312
step 1042/12000  loss=2.0436
step 1043/12000  loss=2.0950
step 1044/12000  loss=2.0370
step 1045/12000  loss=2.1514
step 1046/12000  loss=2.0613
step 1047/12000  loss=2.0082
step 1048/12000  loss=2.0192
step 1049/12000  loss=2.0511
step 1050/12000  loss=2.0788
step 1051/12000  loss=2.0540
step 1052/12000  loss=2.0909
step 1053/12000  loss=2.0035
step 1054/12000  loss=2.0668
step 1055/12000  loss=2.0175
step 1056/12000  loss=2.0447
step 1057/12000  loss=1.9874
step 1058/12000  loss=2.0856
step 1059/12000  loss=1.9962
step 1060/12000  loss=1.9885
step 1061/12000  loss=1.8711
step 1062/12000  loss=2.0204
step 1063/12000  loss=2.0856
step 1064/12000  loss=2.0564
step 1065/12000  loss=1.9311
step 1066/12000  loss=2.0034
step 1067/12000  loss=2.0644
step 1068/12000  loss=1.8877
step 1069/12000  loss=1.9671
step 1070/12000  loss=2.0160
step 1071/12000  loss=1.9956
step 1072/12000  loss=1.9251
step 1073/12000  loss=2.0220
step 1074/12000  loss=1.9734
step 1075/12000  loss=2.0003
step 1076/12000  loss=2.0452
step 1077/12000  loss=2.1090
step 1078/12000  loss=2.0753
step 1079/12000  loss=1.9823
step 1080/12000  loss=1.9723
step 1081/12000  loss=2.0048
step 1082/12000  loss=2.0057
step 1083/12000  loss=1.9389
step 1084/12000  loss=2.0638
step 1085/12000  loss=2.0615
step 1086/12000  loss=2.0411
step 1087/12000  loss=1.9317
step 1088/12000  loss=2.0319
step 1089/12000  loss=2.0494
step 1090/12000  loss=1.9461
step 1091/12000  loss=1.9953
step 1092/12000  loss=1.8888
step 1093/12000  loss=2.0179
step 1094/12000  loss=2.0478
step 1095/12000  loss=1.9960
step 1096/12000  loss=2.1009
step 1097/12000  loss=2.1077
step 1098/12000  loss=1.9995
step 1099/12000  loss=2.0296
step 1100/12000  loss=2.0123
step 1101/12000  loss=2.0535
step 1102/12000  loss=1.9477
step 1103/12000  loss=2.0525
step 1104/12000  loss=2.1167
step 1105/12000  loss=2.1253
step 1106/12000  loss=1.9917
step 1107/12000  loss=1.9699
step 1108/12000  loss=2.1168
step 1109/12000  loss=2.0576
step 1110/12000  loss=1.9336
step 1111/12000  loss=1.9345
step 1112/12000  loss=1.9807
step 1113/12000  loss=2.0384
step 1114/12000  loss=2.0049
step 1115/12000  loss=2.0111
step 1116/12000  loss=2.0237
step 1117/12000  loss=2.0597
step 1118/12000  loss=1.9903
step 1119/12000  loss=1.9673
step 1120/12000  loss=1.9695
step 1121/12000  loss=1.9944
step 1122/12000  loss=2.1010
step 1123/12000  loss=1.9892
step 1124/12000  loss=1.9306
step 1125/12000  loss=1.9664
step 1126/12000  loss=1.9570
step 1127/12000  loss=2.0503
step 1128/12000  loss=2.0223
step 1129/12000  loss=1.9805
step 1130/12000  loss=1.9457
step 1131/12000  loss=2.0098
step 1132/12000  loss=2.0278
step 1133/12000  loss=1.9789
step 1134/12000  loss=1.9774
step 1135/12000  loss=1.9832
step 1136/12000  loss=1.9549
step 1137/12000  loss=1.9890
step 1138/12000  loss=1.9932
step 1139/12000  loss=1.9983
step 1140/12000  loss=1.9908
step 1141/12000  loss=1.9103
step 1142/12000  loss=1.9988
step 1143/12000  loss=1.9986
step 1144/12000  loss=1.9643
step 1145/12000  loss=2.0834
step 1146/12000  loss=2.0039
step 1147/12000  loss=2.0162
step 1148/12000  loss=2.0514
step 1149/12000  loss=2.0393
step 1150/12000  loss=2.0777
step 1151/12000  loss=1.8646
step 1152/12000  loss=2.0659
step 1153/12000  loss=2.0251
step 1154/12000  loss=1.8660
step 1155/12000  loss=1.9697
step 1156/12000  loss=1.9786
step 1157/12000  loss=2.0481
step 1158/12000  loss=1.9562
step 1159/12000  loss=2.0037
step 1160/12000  loss=2.0006
step 1161/12000  loss=1.9494
step 1162/12000  loss=1.9529
step 1163/12000  loss=1.9422
step 1164/12000  loss=2.0201
step 1165/12000  loss=2.0056
step 1166/12000  loss=2.0112
step 1167/12000  loss=1.9877
step 1168/12000  loss=2.0530
step 1169/12000  loss=1.8543
step 1170/12000  loss=2.0379
step 1171/12000  loss=2.0305
step 1172/12000  loss=1.9359
step 1173/12000  loss=1.9419
step 1174/12000  loss=1.9656
step 1175/12000  loss=1.9208
step 1176/12000  loss=1.9164
step 1177/12000  loss=1.9511
step 1178/12000  loss=1.9136
step 1179/12000  loss=2.0811
step 1180/12000  loss=1.8820
step 1181/12000  loss=2.0080
step 1182/12000  loss=2.0709
step 1183/12000  loss=1.9723
step 1184/12000  loss=2.0743
step 1185/12000  loss=1.9654
step 1186/12000  loss=2.0302
step 1187/12000  loss=1.9949
step 1188/12000  loss=1.9660
step 1189/12000  loss=2.0121
step 1190/12000  loss=2.0394
step 1191/12000  loss=1.9134
step 1192/12000  loss=1.9514
step 1193/12000  loss=1.9160
step 1194/12000  loss=1.8806
step 1195/12000  loss=1.9103
step 1196/12000  loss=1.9015
step 1197/12000  loss=1.9560
step 1198/12000  loss=1.9749
step 1199/12000  loss=2.0756
step 1200/12000  loss=1.9675
step 1201/12000  loss=2.0867
step 1202/12000  loss=1.9275
step 1203/12000  loss=1.9886
step 1204/12000  loss=1.9546
step 1205/12000  loss=1.9911
step 1206/12000  loss=1.9101
step 1207/12000  loss=1.8779
step 1208/12000  loss=2.0375
step 1209/12000  loss=1.9361
step 1210/12000  loss=2.0832
step 1211/12000  loss=2.0643
step 1212/12000  loss=2.0440
step 1213/12000  loss=2.0080
step 1214/12000  loss=1.8541
step 1215/12000  loss=1.9749
step 1216/12000  loss=2.0392
step 1217/12000  loss=1.9358
step 1218/12000  loss=1.9340
step 1219/12000  loss=1.9475
step 1220/12000  loss=1.9228
step 1221/12000  loss=1.8782
step 1222/12000  loss=1.9939
step 1223/12000  loss=1.9028
step 1224/12000  loss=1.9120
step 1225/12000  loss=1.9759
step 1226/12000  loss=1.9347
step 1227/12000  loss=2.0110
step 1228/12000  loss=2.0263
step 1229/12000  loss=2.0462
step 1230/12000  loss=2.0355
step 1231/12000  loss=1.9667
step 1232/12000  loss=1.9948
step 1233/12000  loss=1.9648
step 1234/12000  loss=2.0813
step 1235/12000  loss=1.9940
step 1236/12000  loss=1.9746
step 1237/12000  loss=2.0050
step 1238/12000  loss=1.9439
step 1239/12000  loss=1.9091
step 1240/12000  loss=1.9413
step 1241/12000  loss=1.9590
step 1242/12000  loss=2.1036
step 1243/12000  loss=1.9009
step 1244/12000  loss=1.9193
step 1245/12000  loss=1.8022
step 1246/12000  loss=2.0322
step 1247/12000  loss=1.9794
step 1248/12000  loss=2.0129
step 1249/12000  loss=1.9523
step 1250/12000  loss=1.9965
step 1251/12000  loss=1.8387
step 1252/12000  loss=1.9419
step 1253/12000  loss=1.8980
step 1254/12000  loss=1.9568
step 1255/12000  loss=1.9388
step 1256/12000  loss=1.9682
step 1257/12000  loss=1.9615
step 1258/12000  loss=1.9561
step 1259/12000  loss=1.8925
step 1260/12000  loss=1.8559
step 1261/12000  loss=1.9531
step 1262/12000  loss=1.9517
step 1263/12000  loss=1.7864
step 1264/12000  loss=2.0059
step 1265/12000  loss=1.8518
step 1266/12000  loss=1.9583
step 1267/12000  loss=1.9282
step 1268/12000  loss=1.9468
step 1269/12000  loss=1.8878
step 1270/12000  loss=2.0277
step 1271/12000  loss=1.9461
step 1272/12000  loss=1.8976
step 1273/12000  loss=1.8949
step 1274/12000  loss=2.0082
step 1275/12000  loss=1.9484
step 1276/12000  loss=1.8502
step 1277/12000  loss=1.8913
step 1278/12000  loss=1.9927
step 1279/12000  loss=2.0230
step 1280/12000  loss=2.0243
step 1281/12000  loss=2.0135
step 1282/12000  loss=1.8490
step 1283/12000  loss=2.0141
step 1284/12000  loss=1.9153
step 1285/12000  loss=1.9063
step 1286/12000  loss=1.9638
step 1287/12000  loss=2.0474
step 1288/12000  loss=2.0347
step 1289/12000  loss=1.9518
step 1290/12000  loss=1.9680
step 1291/12000  loss=1.9383
step 1292/12000  loss=1.8945
step 1293/12000  loss=1.9350
step 1294/12000  loss=1.9765
step 1295/12000  loss=1.9805
step 1296/12000  loss=1.9001
step 1297/12000  loss=1.9286
step 1298/12000  loss=1.9069
step 1299/12000  loss=1.8652
step 1300/12000  loss=1.8186
step 1301/12000  loss=1.8768
step 1302/12000  loss=1.9715
step 1303/12000  loss=1.9468
step 1304/12000  loss=1.9424
step 1305/12000  loss=1.9935
step 1306/12000  loss=1.8930
step 1307/12000  loss=1.9535
step 1308/12000  loss=1.8907
step 1309/12000  loss=1.9019
step 1310/12000  loss=1.8428
step 1311/12000  loss=1.9489
step 1312/12000  loss=1.9326
step 1313/12000  loss=2.0047
step 1314/12000  loss=1.9017
step 1315/12000  loss=1.9283
step 1316/12000  loss=1.9136
step 1317/12000  loss=1.9693
step 1318/12000  loss=1.9969
step 1319/12000  loss=1.9072
step 1320/12000  loss=2.0645
step 1321/12000  loss=1.9227
step 1322/12000  loss=1.8864
step 1323/12000  loss=1.9334
step 1324/12000  loss=1.9454
step 1325/12000  loss=1.9282
step 1326/12000  loss=1.8952
step 1327/12000  loss=1.9403
step 1328/12000  loss=1.9051
step 1329/12000  loss=1.9029
step 1330/12000  loss=1.8929
step 1331/12000  loss=1.9458
step 1332/12000  loss=1.9452
step 1333/12000  loss=1.9362
step 1334/12000  loss=1.8389
step 1335/12000  loss=1.9935
step 1336/12000  loss=1.9508
step 1337/12000  loss=1.9394
step 1338/12000  loss=1.8888
step 1339/12000  loss=1.9254
step 1340/12000  loss=1.8697
step 1341/12000  loss=1.8144
step 1342/12000  loss=1.8810
step 1343/12000  loss=1.9710
step 1344/12000  loss=1.9196
step 1345/12000  loss=1.9921
step 1346/12000  loss=1.9670
step 1347/12000  loss=2.0033
step 1348/12000  loss=1.9230
step 1349/12000  loss=1.8579
step 1350/12000  loss=1.8802
step 1351/12000  loss=1.7843
step 1352/12000  loss=1.8618
step 1353/12000  loss=1.9713
step 1354/12000  loss=1.8037
step 1355/12000  loss=1.9141
step 1356/12000  loss=1.9714
step 1357/12000  loss=1.9568
step 1358/12000  loss=2.0155
step 1359/12000  loss=1.9250
step 1360/12000  loss=1.8938
step 1361/12000  loss=1.8918
step 1362/12000  loss=1.8545
step 1363/12000  loss=1.9809
step 1364/12000  loss=1.9740
step 1365/12000  loss=1.9487
step 1366/12000  loss=1.9834
step 1367/12000  loss=2.0527
step 1368/12000  loss=1.9655
step 1369/12000  loss=1.9469
step 1370/12000  loss=2.0059
step 1371/12000  loss=2.0615
step 1372/12000  loss=1.9761
step 1373/12000  loss=1.9158
step 1374/12000  loss=1.8907
step 1375/12000  loss=1.9019
step 1376/12000  loss=1.8637
step 1377/12000  loss=1.9326
step 1378/12000  loss=1.8628
step 1379/12000  loss=1.8565
step 1380/12000  loss=1.9736
step 1381/12000  loss=2.0426
step 1382/12000  loss=1.9107
step 1383/12000  loss=1.9876
step 1384/12000  loss=1.9477
step 1385/12000  loss=1.8971
step 1386/12000  loss=1.8225
step 1387/12000  loss=1.9695
step 1388/12000  loss=1.9312
step 1389/12000  loss=1.9291
step 1390/12000  loss=1.9715
step 1391/12000  loss=1.8792
step 1392/12000  loss=1.8927
step 1393/12000  loss=1.8781
step 1394/12000  loss=1.8935
step 1395/12000  loss=1.9116
step 1396/12000  loss=1.9007
step 1397/12000  loss=2.0516
step 1398/12000  loss=1.8723
step 1399/12000  loss=1.9127
step 1400/12000  loss=1.8865
step 1401/12000  loss=1.8175
step 1402/12000  loss=1.9386
step 1403/12000  loss=1.8644
step 1404/12000  loss=1.9127
step 1405/12000  loss=1.9041
step 1406/12000  loss=1.9510
step 1407/12000  loss=1.9276
step 1408/12000  loss=2.0137
step 1409/12000  loss=1.9042
step 1410/12000  loss=1.9747
step 1411/12000  loss=1.9672
step 1412/12000  loss=1.9134
step 1413/12000  loss=1.8523
step 1414/12000  loss=1.9165
step 1415/12000  loss=1.9219
step 1416/12000  loss=1.9645
step 1417/12000  loss=1.9093
step 1418/12000  loss=1.9020
step 1419/12000  loss=1.8788
step 1420/12000  loss=1.8579
step 1421/12000  loss=1.9733
step 1422/12000  loss=1.8526
step 1423/12000  loss=1.9572
step 1424/12000  loss=1.8503
step 1425/12000  loss=1.9574
step 1426/12000  loss=1.9521
step 1427/12000  loss=2.0049
step 1428/12000  loss=1.9593
step 1429/12000  loss=1.9174
step 1430/12000  loss=1.9580
step 1431/12000  loss=1.9087
step 1432/12000  loss=2.0430
step 1433/12000  loss=1.8865
step 1434/12000  loss=1.9653
step 1435/12000  loss=1.9263
step 1436/12000  loss=1.9630
step 1437/12000  loss=1.8578
step 1438/12000  loss=1.9282
step 1439/12000  loss=1.8730
step 1440/12000  loss=1.8928
step 1441/12000  loss=1.8367
step 1442/12000  loss=1.9083
step 1443/12000  loss=1.9101
step 1444/12000  loss=1.8989
step 1445/12000  loss=1.9274
step 1446/12000  loss=1.8849
step 1447/12000  loss=1.9549
step 1448/12000  loss=1.8825
step 1449/12000  loss=1.8771
step 1450/12000  loss=1.8967
step 1451/12000  loss=1.8287
step 1452/12000  loss=1.8617
step 1453/12000  loss=1.9415
step 1454/12000  loss=2.0404
step 1455/12000  loss=1.9795
step 1456/12000  loss=1.9180
step 1457/12000  loss=1.9393
step 1458/12000  loss=1.8947
step 1459/12000  loss=1.8966
step 1460/12000  loss=1.9039
step 1461/12000  loss=1.9817
step 1462/12000  loss=1.8822
step 1463/12000  loss=1.8223
step 1464/12000  loss=1.9320
step 1465/12000  loss=1.8864
step 1466/12000  loss=1.9022
step 1467/12000  loss=2.0021
step 1468/12000  loss=1.8262
step 1469/12000  loss=1.9079
step 1470/12000  loss=1.9082
step 1471/12000  loss=1.9042
step 1472/12000  loss=1.9361
step 1473/12000  loss=1.8496
step 1474/12000  loss=1.9465
step 1475/12000  loss=1.8927
step 1476/12000  loss=2.0085
step 1477/12000  loss=1.8933
step 1478/12000  loss=1.8370
step 1479/12000  loss=1.8556
step 1480/12000  loss=1.9557
step 1481/12000  loss=1.8986
step 1482/12000  loss=1.8914
step 1483/12000  loss=1.9594
step 1484/12000  loss=1.9401
step 1485/12000  loss=1.9115
step 1486/12000  loss=1.9281
step 1487/12000  loss=2.0195
step 1488/12000  loss=1.8590
step 1489/12000  loss=1.9693
step 1490/12000  loss=1.8636
step 1491/12000  loss=1.7412
step 1492/12000  loss=1.9798
step 1493/12000  loss=1.9191
step 1494/12000  loss=1.8997
step 1495/12000  loss=1.8470
step 1496/12000  loss=1.9819
step 1497/12000  loss=1.8615
step 1498/12000  loss=1.9328
step 1499/12000  loss=1.8576
== step 1500/12000  loss=1.9552  PPL=6.56  (5839s) ==
step 1501/12000  loss=1.9371
step 1502/12000  loss=1.9371
step 1503/12000  loss=1.7592
step 1504/12000  loss=1.8710
step 1505/12000  loss=1.9434
step 1506/12000  loss=1.8308
step 1507/12000  loss=1.9072
step 1508/12000  loss=1.9121
step 1509/12000  loss=1.8575
step 1510/12000  loss=1.8305
step 1511/12000  loss=1.8015
step 1512/12000  loss=1.8653
step 1513/12000  loss=1.9083
step 1514/12000  loss=1.9597
step 1515/12000  loss=1.9300
step 1516/12000  loss=1.9103
step 1517/12000  loss=1.9493
step 1518/12000  loss=1.9270
step 1519/12000  loss=1.9637
step 1520/12000  loss=1.9343
step 1521/12000  loss=1.9226
step 1522/12000  loss=1.8878
step 1523/12000  loss=1.9368
step 1524/12000  loss=1.9069
step 1525/12000  loss=1.7940
step 1526/12000  loss=1.8792
step 1527/12000  loss=1.9130
step 1528/12000  loss=1.9153
step 1529/12000  loss=1.9160
step 1530/12000  loss=1.8691
step 1531/12000  loss=1.8136
step 1532/12000  loss=1.8888
step 1533/12000  loss=1.8215
step 1534/12000  loss=1.9694
step 1535/12000  loss=1.8623
step 1536/12000  loss=1.8413
step 1537/12000  loss=1.9642
step 1538/12000  loss=1.9199
step 1539/12000  loss=1.8696
step 1540/12000  loss=1.8683
step 1541/12000  loss=1.9140
step 1542/12000  loss=1.8962
step 1543/12000  loss=1.8610
step 1544/12000  loss=1.7612
step 1545/12000  loss=1.9021
step 1546/12000  loss=1.9354
step 1547/12000  loss=1.8869
step 1548/12000  loss=1.9063
step 1549/12000  loss=1.9526
step 1550/12000  loss=2.0098
step 1551/12000  loss=1.9364
step 1552/12000  loss=1.9180
step 1553/12000  loss=1.8239
step 1554/12000  loss=1.9409
step 1555/12000  loss=1.8412
step 1556/12000  loss=1.9053
step 1557/12000  loss=1.9303
step 1558/12000  loss=1.9037
step 1559/12000  loss=1.8394
step 1560/12000  loss=1.8946
step 1561/12000  loss=1.8448
step 1562/12000  loss=1.8353
step 1563/12000  loss=1.9267
step 1564/12000  loss=1.9756
step 1565/12000  loss=1.8811
step 1566/12000  loss=1.8791
step 1567/12000  loss=1.8564
step 1568/12000  loss=1.9314
step 1569/12000  loss=1.9826
step 1570/12000  loss=1.9390
step 1571/12000  loss=1.9081
step 1572/12000  loss=1.8508
step 1573/12000  loss=1.8851
step 1574/12000  loss=1.9721
step 1575/12000  loss=1.9817
step 1576/12000  loss=1.8070
step 1577/12000  loss=1.8605
step 1578/12000  loss=1.8707
step 1579/12000  loss=1.9451
step 1580/12000  loss=1.9452
step 1581/12000  loss=2.0198
step 1582/12000  loss=2.0446
step 1583/12000  loss=1.8969
step 1584/12000  loss=1.8282
step 1585/12000  loss=1.8056
step 1586/12000  loss=1.8704
step 1587/12000  loss=1.8106
step 1588/12000  loss=1.9325
step 1589/12000  loss=1.9737
step 1590/12000  loss=1.8901
step 1591/12000  loss=1.8842
step 1592/12000  loss=1.9475
step 1593/12000  loss=1.9510
step 1594/12000  loss=1.8830
step 1595/12000  loss=1.9106
step 1596/12000  loss=1.8823
step 1597/12000  loss=1.8008
step 1598/12000  loss=1.8599
step 1599/12000  loss=1.9417
step 1600/12000  loss=1.7932
step 1601/12000  loss=1.9861
step 1602/12000  loss=1.9630
step 1603/12000  loss=1.7998
step 1604/12000  loss=1.7834
step 1605/12000  loss=1.9521
step 1606/12000  loss=1.8818
step 1607/12000  loss=1.9177
step 1608/12000  loss=1.9696
step 1609/12000  loss=1.8235
step 1610/12000  loss=1.8251
step 1611/12000  loss=1.8206
step 1612/12000  loss=1.8219
step 1613/12000  loss=1.8033
step 1614/12000  loss=1.8145
step 1615/12000  loss=1.7960
step 1616/12000  loss=1.7922
step 1617/12000  loss=1.8998
step 1618/12000  loss=1.9139
step 1619/12000  loss=1.8968
step 1620/12000  loss=1.8030
step 1621/12000  loss=1.8869
step 1622/12000  loss=1.8924
step 1623/12000  loss=1.9789
step 1624/12000  loss=1.8674
step 1625/12000  loss=1.9948
step 1626/12000  loss=1.9064
step 1627/12000  loss=1.8733
step 1628/12000  loss=1.9250
step 1629/12000  loss=1.9266
step 1630/12000  loss=1.9215
step 1631/12000  loss=1.8196
step 1632/12000  loss=1.9194
step 1633/12000  loss=1.8647
step 1634/12000  loss=1.8703
step 1635/12000  loss=1.8979
step 1636/12000  loss=1.7996
step 1637/12000  loss=1.8689
step 1638/12000  loss=1.9279
step 1639/12000  loss=1.9557
step 1640/12000  loss=1.8464
step 1641/12000  loss=1.8895
step 1642/12000  loss=1.8613
step 1643/12000  loss=1.8967
step 1644/12000  loss=1.8552
step 1645/12000  loss=1.9931
step 1646/12000  loss=1.8825
step 1647/12000  loss=1.8554
step 1648/12000  loss=1.8103
step 1649/12000  loss=1.8223
step 1650/12000  loss=1.8310
step 1651/12000  loss=1.9362
step 1652/12000  loss=1.8992
step 1653/12000  loss=1.8217
step 1654/12000  loss=1.9296
step 1655/12000  loss=1.8616
step 1656/12000  loss=1.9237
step 1657/12000  loss=1.8651
step 1658/12000  loss=1.8966
step 1659/12000  loss=2.0075
step 1660/12000  loss=1.8941
step 1661/12000  loss=1.8386
step 1662/12000  loss=1.9211
step 1663/12000  loss=1.8886
step 1664/12000  loss=1.7959
step 1665/12000  loss=1.8864
step 1666/12000  loss=1.9108
step 1667/12000  loss=1.8976
step 1668/12000  loss=1.9085
step 1669/12000  loss=1.7836
step 1670/12000  loss=1.7520
step 1671/12000  loss=1.9464
step 1672/12000  loss=1.9104
step 1673/12000  loss=1.8715
step 1674/12000  loss=1.8835
step 1675/12000  loss=1.8919
step 1676/12000  loss=1.9033
step 1677/12000  loss=1.7472
step 1678/12000  loss=1.8606
step 1679/12000  loss=1.9004
step 1680/12000  loss=1.8400
step 1681/12000  loss=1.7781
step 1682/12000  loss=1.8991
step 1683/12000  loss=1.8164
step 1684/12000  loss=1.8347
step 1685/12000  loss=1.8416
step 1686/12000  loss=1.8590
step 1687/12000  loss=1.8512
step 1688/12000  loss=1.8776
step 1689/12000  loss=1.7991
step 1690/12000  loss=1.8978
step 1691/12000  loss=1.7888
step 1692/12000  loss=1.8476
step 1693/12000  loss=1.8168
step 1694/12000  loss=1.8294
step 1695/12000  loss=1.7897
step 1696/12000  loss=1.8411
step 1697/12000  loss=1.8787
step 1698/12000  loss=1.7762
step 1699/12000  loss=1.8916
step 1700/12000  loss=1.9705
step 1701/12000  loss=1.8561
step 1702/12000  loss=1.9494
step 1703/12000  loss=1.9001
step 1704/12000  loss=1.8537
step 1705/12000  loss=1.8765
step 1706/12000  loss=1.8177
step 1707/12000  loss=1.8753
step 1708/12000  loss=1.8429
step 1709/12000  loss=1.9011
step 1710/12000  loss=1.9465
step 1711/12000  loss=1.8688
step 1712/12000  loss=1.8798
step 1713/12000  loss=1.9651
step 1714/12000  loss=1.9323
step 1715/12000  loss=1.9355
step 1716/12000  loss=1.8100
step 1717/12000  loss=1.8360
step 1718/12000  loss=1.9977
step 1719/12000  loss=1.8034
step 1720/12000  loss=1.8298
step 1721/12000  loss=1.8708
step 1722/12000  loss=1.9066
step 1723/12000  loss=1.8398
step 1724/12000  loss=1.8282
step 1725/12000  loss=1.8398
step 1726/12000  loss=1.8857
step 1727/12000  loss=1.8355
step 1728/12000  loss=1.9948
step 1729/12000  loss=1.8362
step 1730/12000  loss=1.8656
step 1731/12000  loss=1.8115
step 1732/12000  loss=1.9546
step 1733/12000  loss=1.8179
step 1734/12000  loss=1.8514
step 1735/12000  loss=1.8580
step 1736/12000  loss=1.8966
step 1737/12000  loss=1.8420
step 1738/12000  loss=1.9146
step 1739/12000  loss=1.8753
step 1740/12000  loss=1.8381
step 1741/12000  loss=1.8638
step 1742/12000  loss=1.9085
step 1743/12000  loss=1.8766
step 1744/12000  loss=1.8447
step 1745/12000  loss=1.7402
step 1746/12000  loss=1.8549
step 1747/12000  loss=1.8649
step 1748/12000  loss=1.7685
step 1749/12000  loss=1.8322
step 1750/12000  loss=1.8958
step 1751/12000  loss=1.8961
step 1752/12000  loss=1.8161
step 1753/12000  loss=1.8309
step 1754/12000  loss=1.8588
step 1755/12000  loss=1.8360
step 1756/12000  loss=1.9245
step 1757/12000  loss=1.8120
step 1758/12000  loss=1.9373
step 1759/12000  loss=1.9124
step 1760/12000  loss=1.9485
step 1761/12000  loss=1.8407
step 1762/12000  loss=1.9408
step 1763/12000  loss=1.8653
step 1764/12000  loss=1.8983
step 1765/12000  loss=1.9603
step 1766/12000  loss=1.9224
step 1767/12000  loss=1.9002
step 1768/12000  loss=1.9566
step 1769/12000  loss=1.8691
step 1770/12000  loss=1.9277
step 1771/12000  loss=1.9694
step 1772/12000  loss=1.8515
step 1773/12000  loss=1.8913
step 1774/12000  loss=1.8553
step 1775/12000  loss=1.8239
step 1776/12000  loss=1.7948
step 1777/12000  loss=1.8781
step 1778/12000  loss=1.9009
step 1779/12000  loss=1.8217
step 1780/12000  loss=1.7896
step 1781/12000  loss=1.8836
step 1782/12000  loss=1.8237
step 1783/12000  loss=1.8143
step 1784/12000  loss=1.8339
step 1785/12000  loss=1.8283
step 1786/12000  loss=1.8801
step 1787/12000  loss=1.9070
step 1788/12000  loss=1.7645
step 1789/12000  loss=1.8726
step 1790/12000  loss=1.8089
step 1791/12000  loss=1.7870
step 1792/12000  loss=1.7643
step 1793/12000  loss=1.8133
step 1794/12000  loss=1.8876
step 1795/12000  loss=1.8812
step 1796/12000  loss=1.8157
step 1797/12000  loss=1.9034
step 1798/12000  loss=1.8674
step 1799/12000  loss=1.8804
step 1800/12000  loss=1.8506
step 1801/12000  loss=1.8514
step 1802/12000  loss=1.8940
step 1803/12000  loss=1.8828
step 1804/12000  loss=1.9241
step 1805/12000  loss=1.8820
step 1806/12000  loss=1.9164
step 1807/12000  loss=1.8963
step 1808/12000  loss=1.8439
step 1809/12000  loss=1.8811
step 1810/12000  loss=1.8466
step 1811/12000  loss=1.8595
step 1812/12000  loss=1.9335
step 1813/12000  loss=1.8475
step 1814/12000  loss=1.8751
step 1815/12000  loss=1.8615
step 1816/12000  loss=1.9377
step 1817/12000  loss=1.9262
step 1818/12000  loss=1.9049
step 1819/12000  loss=1.8394
step 1820/12000  loss=1.8371
step 1821/12000  loss=1.8340
step 1822/12000  loss=1.9258
step 1823/12000  loss=1.8960
step 1824/12000  loss=1.8756
step 1825/12000  loss=1.9007
step 1826/12000  loss=1.8313
step 1827/12000  loss=1.8103
step 1828/12000  loss=1.8156
step 1829/12000  loss=1.8756
step 1830/12000  loss=1.8014
step 1831/12000  loss=1.8150
step 1832/12000  loss=1.9210
step 1833/12000  loss=1.7833
step 1834/12000  loss=1.9004
step 1835/12000  loss=1.8135
step 1836/12000  loss=1.8893
step 1837/12000  loss=1.9166
step 1838/12000  loss=1.8335
step 1839/12000  loss=1.8535
step 1840/12000  loss=1.8487
step 1841/12000  loss=1.9293
step 1842/12000  loss=1.8993
step 1843/12000  loss=1.8980
step 1844/12000  loss=1.8863
step 1845/12000  loss=1.8052
step 1846/12000  loss=1.8795
step 1847/12000  loss=1.9633
step 1848/12000  loss=1.8145
step 1849/12000  loss=1.8708
step 1850/12000  loss=1.8941
step 1851/12000  loss=1.8889
step 1852/12000  loss=1.7740
step 1853/12000  loss=1.8632
step 1854/12000  loss=1.8576
step 1855/12000  loss=1.8091
step 1856/12000  loss=1.7814
step 1857/12000  loss=1.8607
step 1858/12000  loss=1.8990
step 1859/12000  loss=1.9101
step 1860/12000  loss=1.9081
step 1861/12000  loss=1.7931
step 1862/12000  loss=1.8670
step 1863/12000  loss=1.8219
step 1864/12000  loss=1.8458
step 1865/12000  loss=1.8366
step 1866/12000  loss=1.8476
step 1867/12000  loss=1.8420
step 1868/12000  loss=1.8849
step 1869/12000  loss=1.8137
step 1870/12000  loss=1.8652
step 1871/12000  loss=1.8738
step 1872/12000  loss=1.9009
step 1873/12000  loss=1.8576
step 1874/12000  loss=1.8248
step 1875/12000  loss=1.8455
step 1876/12000  loss=1.8298
step 1877/12000  loss=1.8181
step 1878/12000  loss=1.7968
step 1879/12000  loss=1.7968
step 1880/12000  loss=1.7696
step 1881/12000  loss=1.9031
step 1882/12000  loss=1.8740
step 1883/12000  loss=1.8170
step 1884/12000  loss=1.8797
step 1885/12000  loss=1.8079
step 1886/12000  loss=1.8464
step 1887/12000  loss=1.8106
step 1888/12000  loss=1.7899
step 1889/12000  loss=1.7852
step 1890/12000  loss=1.8960
step 1891/12000  loss=1.9176
step 1892/12000  loss=1.8939
step 1893/12000  loss=1.8133
step 1894/12000  loss=1.9217
step 1895/12000  loss=1.8513
step 1896/12000  loss=1.9315
step 1897/12000  loss=1.8166
step 1898/12000  loss=1.7165
step 1899/12000  loss=1.7611
step 1900/12000  loss=1.8933
step 1901/12000  loss=1.8391
step 1902/12000  loss=1.8441
step 1903/12000  loss=1.9060
step 1904/12000  loss=1.9033
step 1905/12000  loss=1.8256
step 1906/12000  loss=1.8366
step 1907/12000  loss=1.8656
step 1908/12000  loss=1.8153
step 1909/12000  loss=1.8772
step 1910/12000  loss=1.7829
step 1911/12000  loss=1.8389
step 1912/12000  loss=1.7228
step 1913/12000  loss=1.9607
step 1914/12000  loss=1.8399
step 1915/12000  loss=1.8735
step 1916/12000  loss=1.8206
step 1917/12000  loss=1.8758
step 1918/12000  loss=1.8332
step 1919/12000  loss=1.9628
step 1920/12000  loss=1.8981
step 1921/12000  loss=1.8677
step 1922/12000  loss=1.8259
step 1923/12000  loss=1.9191
step 1924/12000  loss=1.7856
step 1925/12000  loss=1.9680
step 1926/12000  loss=1.8295
step 1927/12000  loss=1.8465
step 1928/12000  loss=1.8068
step 1929/12000  loss=1.8680
step 1930/12000  loss=1.9142
step 1931/12000  loss=1.8590
step 1932/12000  loss=1.8154
step 1933/12000  loss=1.8352
step 1934/12000  loss=1.9067
step 1935/12000  loss=1.7918
step 1936/12000  loss=1.8879
step 1937/12000  loss=1.8346
step 1938/12000  loss=1.7065
step 1939/12000  loss=1.8379
step 1940/12000  loss=1.7963
step 1941/12000  loss=1.7695
step 1942/12000  loss=1.8322
step 1943/12000  loss=1.8201
step 1944/12000  loss=1.8442
step 1945/12000  loss=1.8734
step 1946/12000  loss=1.7941
step 1947/12000  loss=1.9283
step 1948/12000  loss=1.8294
step 1949/12000  loss=1.7869
step 1950/12000  loss=1.7999
step 1951/12000  loss=1.8539
step 1952/12000  loss=1.8446
step 1953/12000  loss=1.9111
step 1954/12000  loss=1.8219
step 1955/12000  loss=1.8605
step 1956/12000  loss=1.7069
step 1957/12000  loss=1.8005
step 1958/12000  loss=1.9042
step 1959/12000  loss=1.7949
step 1960/12000  loss=1.8593
step 1961/12000  loss=1.9029
step 1962/12000  loss=1.8817
step 1963/12000  loss=1.7802
step 1964/12000  loss=1.8665
step 1965/12000  loss=1.8377
step 1966/12000  loss=1.8185
step 1967/12000  loss=1.8643
step 1968/12000  loss=1.6590
step 1969/12000  loss=1.8813
step 1970/12000  loss=1.8537
step 1971/12000  loss=1.8348
step 1972/12000  loss=1.7428
step 1973/12000  loss=1.8303
step 1974/12000  loss=1.6924
step 1975/12000  loss=1.8854
step 1976/12000  loss=1.8339
step 1977/12000  loss=1.8429
step 1978/12000  loss=1.8733
step 1979/12000  loss=1.9390
step 1980/12000  loss=1.8119
step 1981/12000  loss=1.7883
step 1982/12000  loss=1.8332
step 1983/12000  loss=1.8868
step 1984/12000  loss=1.8021
step 1985/12000  loss=1.8948
step 1986/12000  loss=1.8841
step 1987/12000  loss=1.7827
step 1988/12000  loss=1.8889
step 1989/12000  loss=1.8840
step 1990/12000  loss=1.8666
step 1991/12000  loss=1.7604
step 1992/12000  loss=1.7988
step 1993/12000  loss=1.8283
step 1994/12000  loss=1.7848
step 1995/12000  loss=1.8111
step 1996/12000  loss=1.8493
step 1997/12000  loss=1.8040
step 1998/12000  loss=1.8746
step 1999/12000  loss=1.9090
== step 2000/12000  loss=1.8828  PPL=6.45  (7770s) ==
step 2001/12000  loss=1.7545
step 2002/12000  loss=1.7516
step 2003/12000  loss=1.7215
step 2004/12000  loss=1.8372
step 2005/12000  loss=1.7791
step 2006/12000  loss=1.8622
step 2007/12000  loss=1.8056
step 2008/12000  loss=1.8554
step 2009/12000  loss=1.8320
step 2010/12000  loss=1.7767
step 2011/12000  loss=1.8487
step 2012/12000  loss=1.7801
step 2013/12000  loss=1.7873
step 2014/12000  loss=1.8026
step 2015/12000  loss=1.8395
step 2016/12000  loss=1.8531
step 2017/12000  loss=1.7693
step 2018/12000  loss=1.8379
step 2019/12000  loss=1.7662
step 2020/12000  loss=1.8639
step 2021/12000  loss=1.8885
step 2022/12000  loss=1.9033
step 2023/12000  loss=1.8453
step 2024/12000  loss=1.8930
step 2025/12000  loss=1.8132
step 2026/12000  loss=1.8313
step 2027/12000  loss=1.8675
step 2028/12000  loss=1.8382
step 2029/12000  loss=1.8456
step 2030/12000  loss=1.8644
step 2031/12000  loss=1.8605
step 2032/12000  loss=1.8753
step 2033/12000  loss=1.7955
step 2034/12000  loss=1.7984
step 2035/12000  loss=1.8408
step 2036/12000  loss=1.7260
step 2037/12000  loss=1.8962
step 2038/12000  loss=1.7747
step 2039/12000  loss=2.0435
step 2040/12000  loss=1.9276
step 2041/12000  loss=1.8294
step 2042/12000  loss=1.8449
step 2043/12000  loss=1.7810
step 2044/12000  loss=1.9642
step 2045/12000  loss=1.8526
step 2046/12000  loss=1.8440
step 2047/12000  loss=1.7594
step 2048/12000  loss=1.8206
step 2049/12000  loss=1.8922
step 2050/12000  loss=1.8122
step 2051/12000  loss=1.7914
step 2052/12000  loss=1.8239
step 2053/12000  loss=1.7798
step 2054/12000  loss=1.8761
step 2055/12000  loss=1.9141
step 2056/12000  loss=1.7713
step 2057/12000  loss=1.8343
step 2058/12000  loss=1.8158
step 2059/12000  loss=1.7752
step 2060/12000  loss=1.8128
step 2061/12000  loss=1.7872
step 2062/12000  loss=1.8876
step 2063/12000  loss=1.8384
step 2064/12000  loss=1.7413
step 2065/12000  loss=1.8093
step 2066/12000  loss=1.8927
step 2067/12000  loss=1.9119
step 2068/12000  loss=1.8308
step 2069/12000  loss=1.8780
step 2070/12000  loss=1.8310
step 2071/12000  loss=1.8648
step 2072/12000  loss=1.8310
step 2073/12000  loss=1.8783
step 2074/12000  loss=1.8885
step 2075/12000  loss=1.8657
step 2076/12000  loss=1.9094
step 2077/12000  loss=1.8179
step 2078/12000  loss=1.8022
step 2079/12000  loss=1.7213
step 2080/12000  loss=1.8338
step 2081/12000  loss=1.9187
step 2082/12000  loss=1.7263
step 2083/12000  loss=1.8321
step 2084/12000  loss=1.8716
step 2085/12000  loss=1.8982
step 2086/12000  loss=1.8002
step 2087/12000  loss=1.8391
step 2088/12000  loss=1.8858
step 2089/12000  loss=1.9140
step 2090/12000  loss=1.7524
step 2091/12000  loss=1.8580
step 2092/12000  loss=1.8905
step 2093/12000  loss=1.7805
step 2094/12000  loss=1.8428
step 2095/12000  loss=1.7884
step 2096/12000  loss=1.9101
step 2097/12000  loss=1.8266
step 2098/12000  loss=1.8564
step 2099/12000  loss=1.7991
step 2100/12000  loss=1.8789
step 2101/12000  loss=1.8176
step 2102/12000  loss=1.8001
step 2103/12000  loss=1.8587
step 2104/12000  loss=1.8943
step 2105/12000  loss=1.8976
step 2106/12000  loss=1.8376
step 2107/12000  loss=1.8253
step 2108/12000  loss=1.8690
step 2109/12000  loss=1.8359
step 2110/12000  loss=1.8495
step 2111/12000  loss=1.9434
step 2112/12000  loss=1.8879
step 2113/12000  loss=1.8488
step 2114/12000  loss=1.7789
step 2115/12000  loss=1.7615
step 2116/12000  loss=1.9420
step 2117/12000  loss=1.8870
step 2118/12000  loss=1.7960
step 2119/12000  loss=1.9826
step 2120/12000  loss=1.7463
step 2121/12000  loss=1.8547
step 2122/12000  loss=1.8150
step 2123/12000  loss=1.9144
step 2124/12000  loss=1.8529
step 2125/12000  loss=1.8735
step 2126/12000  loss=1.8361
step 2127/12000  loss=1.8783
step 2128/12000  loss=1.7657
step 2129/12000  loss=1.7732
step 2130/12000  loss=1.7731
step 2131/12000  loss=1.8137
step 2132/12000  loss=1.8664
step 2133/12000  loss=1.9600
step 2134/12000  loss=1.7861
step 2135/12000  loss=1.8896
step 2136/12000  loss=1.7796
step 2137/12000  loss=1.8858
step 2138/12000  loss=1.8952
step 2139/12000  loss=1.8581
step 2140/12000  loss=1.7803
step 2141/12000  loss=1.8634
step 2142/12000  loss=1.8289
step 2143/12000  loss=1.8179
step 2144/12000  loss=1.7886
step 2145/12000  loss=1.8082
step 2146/12000  loss=1.8341
step 2147/12000  loss=1.8170
step 2148/12000  loss=1.7450
step 2149/12000  loss=1.8238
step 2150/12000  loss=1.8447
step 2151/12000  loss=1.8344
step 2152/12000  loss=1.7577
step 2153/12000  loss=1.7911
step 2154/12000  loss=1.7610
step 2155/12000  loss=1.8166
step 2156/12000  loss=1.8556
step 2157/12000  loss=1.7747
step 2158/12000  loss=1.9198
step 2159/12000  loss=1.8432
step 2160/12000  loss=1.8516
step 2161/12000  loss=1.9047
step 2162/12000  loss=1.8210
step 2163/12000  loss=1.7775
step 2164/12000  loss=1.8253
step 2165/12000  loss=1.8561
step 2166/12000  loss=1.8457
step 2167/12000  loss=1.7945
step 2168/12000  loss=1.7712
step 2169/12000  loss=1.8097
step 2170/12000  loss=1.8466
step 2171/12000  loss=1.8129
step 2172/12000  loss=1.8027
step 2173/12000  loss=1.8358
step 2174/12000  loss=1.8279
step 2175/12000  loss=1.8482
step 2176/12000  loss=1.8309
step 2177/12000  loss=1.7588
step 2178/12000  loss=1.7423
step 2179/12000  loss=1.7894
step 2180/12000  loss=1.9165
step 2181/12000  loss=1.7133
step 2182/12000  loss=1.7912
step 2183/12000  loss=1.7975
step 2184/12000  loss=1.9163
step 2185/12000  loss=1.8235
step 2186/12000  loss=1.8241
step 2187/12000  loss=1.8637
step 2188/12000  loss=1.8335
step 2189/12000  loss=1.7962
step 2190/12000  loss=1.8263
step 2191/12000  loss=1.8811
step 2192/12000  loss=1.7684
step 2193/12000  loss=1.8151
step 2194/12000  loss=1.8195
step 2195/12000  loss=1.7690
step 2196/12000  loss=1.7904
step 2197/12000  loss=1.7049
step 2198/12000  loss=1.8520
step 2199/12000  loss=1.8236
step 2200/12000  loss=1.8433
step 2201/12000  loss=1.8716
step 2202/12000  loss=1.8520
step 2203/12000  loss=1.7816
step 2204/12000  loss=1.8519
step 2205/12000  loss=1.9208
step 2206/12000  loss=1.8295
step 2207/12000  loss=1.8459
step 2208/12000  loss=1.8133
step 2209/12000  loss=1.8612
step 2210/12000  loss=1.7425
step 2211/12000  loss=1.7840
step 2212/12000  loss=1.7402
step 2213/12000  loss=1.7740
step 2214/12000  loss=1.7995
step 2215/12000  loss=1.8432
step 2216/12000  loss=1.7985
step 2217/12000  loss=1.7636
step 2218/12000  loss=1.8248
step 2219/12000  loss=1.7229
step 2220/12000  loss=1.8647
step 2221/12000  loss=1.8351
step 2222/12000  loss=1.8547
step 2223/12000  loss=1.8026
step 2224/12000  loss=1.8220
step 2225/12000  loss=1.8718
step 2226/12000  loss=1.7560
step 2227/12000  loss=1.7450
step 2228/12000  loss=1.7972
step 2229/12000  loss=1.9538
step 2230/12000  loss=1.7770
step 2231/12000  loss=1.8069
step 2232/12000  loss=1.8124
step 2233/12000  loss=1.8449
step 2234/12000  loss=1.8020
step 2235/12000  loss=1.8082
step 2236/12000  loss=1.7931
step 2237/12000  loss=1.7731
step 2238/12000  loss=1.8316
step 2239/12000  loss=1.6675
step 2240/12000  loss=1.8524
step 2241/12000  loss=1.7678
step 2242/12000  loss=1.8447
step 2243/12000  loss=1.8253
step 2244/12000  loss=1.8559
step 2245/12000  loss=1.8009
step 2246/12000  loss=1.7917
step 2247/12000  loss=1.8788
step 2248/12000  loss=1.8311
step 2249/12000  loss=1.7931
step 2250/12000  loss=1.8681
step 2251/12000  loss=1.8053
step 2252/12000  loss=1.7994
step 2253/12000  loss=1.7964
step 2254/12000  loss=1.8280
step 2255/12000  loss=1.8072
step 2256/12000  loss=1.7713
step 2257/12000  loss=1.8801
step 2258/12000  loss=1.8580
step 2259/12000  loss=1.8380
step 2260/12000  loss=1.7914
step 2261/12000  loss=1.7751
step 2262/12000  loss=1.8176
step 2263/12000  loss=1.7721
step 2264/12000  loss=1.8239
step 2265/12000  loss=1.8977
step 2266/12000  loss=1.7841
step 2267/12000  loss=1.7434
step 2268/12000  loss=1.7730
step 2269/12000  loss=1.7570
step 2270/12000  loss=1.7659
step 2271/12000  loss=1.8323
step 2272/12000  loss=1.8563
step 2273/12000  loss=1.8347
step 2274/12000  loss=1.8385
step 2275/12000  loss=1.8961
step 2276/12000  loss=1.8892
step 2277/12000  loss=1.7814
step 2278/12000  loss=1.7416
step 2279/12000  loss=1.8622
step 2280/12000  loss=1.7844
step 2281/12000  loss=1.7421
step 2282/12000  loss=1.8341
step 2283/12000  loss=1.8049
step 2284/12000  loss=1.8274
step 2285/12000  loss=1.7544
step 2286/12000  loss=1.8311
step 2287/12000  loss=1.8049
step 2288/12000  loss=1.7946
step 2289/12000  loss=1.8781
step 2290/12000  loss=1.8425
step 2291/12000  loss=1.7839
step 2292/12000  loss=1.8034
step 2293/12000  loss=1.8965
step 2294/12000  loss=1.7759
step 2295/12000  loss=1.8565
step 2296/12000  loss=1.8539
step 2297/12000  loss=1.8788
step 2298/12000  loss=1.8246
step 2299/12000  loss=1.8466
step 2300/12000  loss=1.7979
step 2301/12000  loss=1.7991
step 2302/12000  loss=1.8536
step 2303/12000  loss=1.8052
step 2304/12000  loss=1.8722
step 2305/12000  loss=1.7757
step 2306/12000  loss=1.8267
step 2307/12000  loss=1.7196
step 2308/12000  loss=1.9311
step 2309/12000  loss=1.7437
step 2310/12000  loss=1.7788
step 2311/12000  loss=1.8247
step 2312/12000  loss=1.8532
step 2313/12000  loss=1.8722
step 2314/12000  loss=1.9561
step 2315/12000  loss=1.8516
step 2316/12000  loss=1.8340
step 2317/12000  loss=1.8745
step 2318/12000  loss=1.8334
step 2319/12000  loss=1.7544
step 2320/12000  loss=1.8667
step 2321/12000  loss=1.8045
step 2322/12000  loss=1.8495
step 2323/12000  loss=1.8397
step 2324/12000  loss=1.7686
step 2325/12000  loss=1.7836
step 2326/12000  loss=1.8266
step 2327/12000  loss=1.8634
step 2328/12000  loss=1.8949
step 2329/12000  loss=1.8334
step 2330/12000  loss=1.8587
step 2331/12000  loss=1.8516
step 2332/12000  loss=1.7767
step 2333/12000  loss=1.8547
step 2334/12000  loss=1.7617
step 2335/12000  loss=1.8803
step 2336/12000  loss=1.8738
step 2337/12000  loss=1.8707
step 2338/12000  loss=1.8240
step 2339/12000  loss=1.8198
step 2340/12000  loss=1.8241
step 2341/12000  loss=1.8441
step 2342/12000  loss=1.9002
step 2343/12000  loss=1.8782
step 2344/12000  loss=1.8180
step 2345/12000  loss=1.8306
step 2346/12000  loss=1.7167
step 2347/12000  loss=1.8145
step 2348/12000  loss=1.7666
step 2349/12000  loss=1.8983
step 2350/12000  loss=1.7690
step 2351/12000  loss=1.8936
step 2352/12000  loss=1.8921
step 2353/12000  loss=1.7939
step 2354/12000  loss=1.8311
step 2355/12000  loss=1.8556
step 2356/12000  loss=1.8540
step 2357/12000  loss=1.8868
step 2358/12000  loss=1.8281
step 2359/12000  loss=1.7560
step 2360/12000  loss=1.8218
step 2361/12000  loss=1.7247
step 2362/12000  loss=1.7959
step 2363/12000  loss=1.7696
step 2364/12000  loss=1.8517
step 2365/12000  loss=1.8056
step 2366/12000  loss=1.8540
step 2367/12000  loss=1.8294
step 2368/12000  loss=1.7653
step 2369/12000  loss=1.7873
step 2370/12000  loss=1.7856
step 2371/12000  loss=1.8188
step 2372/12000  loss=1.8301
step 2373/12000  loss=1.8352
step 2374/12000  loss=1.8737
step 2375/12000  loss=1.8080
step 2376/12000  loss=1.7885
step 2377/12000  loss=1.9122
step 2378/12000  loss=1.8758
step 2379/12000  loss=1.7807
step 2380/12000  loss=1.7772
step 2381/12000  loss=1.8540
step 2382/12000  loss=1.8915
step 2383/12000  loss=1.7741
step 2384/12000  loss=1.7809
step 2385/12000  loss=1.8592
step 2386/12000  loss=1.8794
step 2387/12000  loss=1.9143
step 2388/12000  loss=1.7700
step 2389/12000  loss=1.8133
step 2390/12000  loss=1.8487
step 2391/12000  loss=1.9582
step 2392/12000  loss=1.7205
step 2393/12000  loss=1.7576
step 2394/12000  loss=1.7986
step 2395/12000  loss=1.7507
step 2396/12000  loss=1.7511
step 2397/12000  loss=1.7612
step 2398/12000  loss=1.8155
step 2399/12000  loss=1.8814
step 2400/12000  loss=1.9099
step 2401/12000  loss=1.8283
step 2402/12000  loss=1.7721
step 2403/12000  loss=1.8826
step 2404/12000  loss=1.8513
step 2405/12000  loss=1.7835
step 2406/12000  loss=1.6999
step 2407/12000  loss=1.8203
step 2408/12000  loss=1.7988
step 2409/12000  loss=1.8655
step 2410/12000  loss=1.8362
step 2411/12000  loss=1.6679
step 2412/12000  loss=1.8277
step 2413/12000  loss=1.8274
step 2414/12000  loss=1.8028
step 2415/12000  loss=1.8755
step 2416/12000  loss=1.7696
step 2417/12000  loss=1.8949
step 2418/12000  loss=1.8155
step 2419/12000  loss=1.8871
step 2420/12000  loss=1.8274
step 2421/12000  loss=1.9886
step 2422/12000  loss=1.7638
step 2423/12000  loss=1.8079
step 2424/12000  loss=1.8022
step 2425/12000  loss=1.8158
step 2426/12000  loss=1.9349
step 2427/12000  loss=1.8114
step 2428/12000  loss=1.8276
step 2429/12000  loss=1.8038
step 2430/12000  loss=1.8711
step 2431/12000  loss=1.8217
step 2432/12000  loss=1.8044
step 2433/12000  loss=1.8833
step 2434/12000  loss=1.7972
step 2435/12000  loss=1.7932
step 2436/12000  loss=1.7617
step 2437/12000  loss=1.8320
step 2438/12000  loss=1.8229
step 2439/12000  loss=1.7948
step 2440/12000  loss=1.9146
step 2441/12000  loss=1.8699
step 2442/12000  loss=1.8317
step 2443/12000  loss=1.9244
step 2444/12000  loss=1.8174
step 2445/12000  loss=1.7702
step 2446/12000  loss=1.7685
step 2447/12000  loss=1.7998
step 2448/12000  loss=1.7598
step 2449/12000  loss=1.7325
step 2450/12000  loss=1.8164
step 2451/12000  loss=1.7647
step 2452/12000  loss=1.8713
step 2453/12000  loss=1.8074
step 2454/12000  loss=1.7240
step 2455/12000  loss=1.7901
step 2456/12000  loss=1.7649
step 2457/12000  loss=1.8192
step 2458/12000  loss=1.7939
step 2459/12000  loss=1.8688
step 2460/12000  loss=1.8106
step 2461/12000  loss=1.7632
step 2462/12000  loss=1.8570
step 2463/12000  loss=1.8812
step 2464/12000  loss=1.7851
step 2465/12000  loss=1.9283
step 2466/12000  loss=1.7541
step 2467/12000  loss=1.8423
step 2468/12000  loss=1.8547
step 2469/12000  loss=1.8107
step 2470/12000  loss=1.7784
step 2471/12000  loss=1.7877
step 2472/12000  loss=1.8012
step 2473/12000  loss=1.8818
step 2474/12000  loss=1.7247
step 2475/12000  loss=1.8790
step 2476/12000  loss=1.7833
step 2477/12000  loss=1.8169
step 2478/12000  loss=1.7071
step 2479/12000  loss=1.8420
step 2480/12000  loss=1.8040
step 2481/12000  loss=1.7986
step 2482/12000  loss=1.8427
step 2483/12000  loss=1.7994
step 2484/12000  loss=1.7928
step 2485/12000  loss=1.8624
step 2486/12000  loss=1.7655
step 2487/12000  loss=1.7821
step 2488/12000  loss=1.8817
step 2489/12000  loss=1.8640
step 2490/12000  loss=1.8820
step 2491/12000  loss=1.9208
step 2492/12000  loss=1.7814
step 2493/12000  loss=1.7537
step 2494/12000  loss=1.8568
step 2495/12000  loss=1.7823
step 2496/12000  loss=1.8796
step 2497/12000  loss=1.8628
step 2498/12000  loss=1.8681
step 2499/12000  loss=1.7793
== step 2500/12000  loss=1.9454  PPL=6.32  (9703s) ==
step 2501/12000  loss=1.9023
step 2502/12000  loss=1.8051
step 2503/12000  loss=1.8003
step 2504/12000  loss=1.7411
step 2505/12000  loss=1.9352
step 2506/12000  loss=1.8597
step 2507/12000  loss=1.8303
step 2508/12000  loss=1.8213
step 2509/12000  loss=1.7412
step 2510/12000  loss=1.8045
step 2511/12000  loss=1.8020
step 2512/12000  loss=1.7825
step 2513/12000  loss=1.7453
step 2514/12000  loss=1.8041
step 2515/12000  loss=1.7863
step 2516/12000  loss=1.8524
step 2517/12000  loss=1.7859
step 2518/12000  loss=1.7853
step 2519/12000  loss=1.7945
step 2520/12000  loss=1.8131
step 2521/12000  loss=1.8157
step 2522/12000  loss=1.8498
step 2523/12000  loss=1.8006
step 2524/12000  loss=1.7246
step 2525/12000  loss=1.7582
step 2526/12000  loss=1.8014
step 2527/12000  loss=1.8703
step 2528/12000  loss=1.7580
step 2529/12000  loss=1.8337
step 2530/12000  loss=1.8652
step 2531/12000  loss=1.8155
step 2532/12000  loss=1.7796
step 2533/12000  loss=1.8836
step 2534/12000  loss=1.8142
step 2535/12000  loss=1.8658
step 2536/12000  loss=1.7474
step 2537/12000  loss=1.8509
step 2538/12000  loss=1.8044
step 2539/12000  loss=1.8114
step 2540/12000  loss=1.7807
step 2541/12000  loss=1.7374
step 2542/12000  loss=1.8105
step 2543/12000  loss=1.8102
step 2544/12000  loss=1.7713
step 2545/12000  loss=1.8622
step 2546/12000  loss=1.8339
step 2547/12000  loss=1.8403
step 2548/12000  loss=1.8559
step 2549/12000  loss=1.7471
step 2550/12000  loss=1.8468
step 2551/12000  loss=1.7582
step 2552/12000  loss=1.7753
step 2553/12000  loss=1.7529
step 2554/12000  loss=1.7385
step 2555/12000  loss=1.8269
step 2556/12000  loss=1.8828
step 2557/12000  loss=1.7817
step 2558/12000  loss=1.8714
step 2559/12000  loss=1.7549
step 2560/12000  loss=1.7792
step 2561/12000  loss=1.7558
step 2562/12000  loss=1.8743
step 2563/12000  loss=1.8165
step 2564/12000  loss=1.8762
step 2565/12000  loss=1.8390
step 2566/12000  loss=1.8181
step 2567/12000  loss=1.7669
step 2568/12000  loss=1.7914
step 2569/12000  loss=1.6431
step 2570/12000  loss=1.7651
step 2571/12000  loss=1.7572
step 2572/12000  loss=1.7780
step 2573/12000  loss=1.8044
step 2574/12000  loss=1.8709
step 2575/12000  loss=1.8142
step 2576/12000  loss=1.7242
step 2577/12000  loss=1.8153
step 2578/12000  loss=1.7928
step 2579/12000  loss=1.7791
step 2580/12000  loss=1.8500
step 2581/12000  loss=1.7864
step 2582/12000  loss=1.7922
step 2583/12000  loss=1.8261
step 2584/12000  loss=1.7783
step 2585/12000  loss=1.7659
step 2586/12000  loss=1.8059
step 2587/12000  loss=1.8065
step 2588/12000  loss=1.7526
step 2589/12000  loss=1.7651
step 2590/12000  loss=2.0089
step 2591/12000  loss=1.8773
step 2592/12000  loss=1.7737
step 2593/12000  loss=1.7713
step 2594/12000  loss=1.8436
step 2595/12000  loss=1.8212
step 2596/12000  loss=1.8315
step 2597/12000  loss=1.8075
step 2598/12000  loss=1.8127
step 2599/12000  loss=1.7822
step 2600/12000  loss=1.7409
step 2601/12000  loss=1.8961
step 2602/12000  loss=1.8927
step 2603/12000  loss=1.8624
step 2604/12000  loss=1.7437
step 2605/12000  loss=1.8583
step 2606/12000  loss=1.8463
step 2607/12000  loss=1.8143
step 2608/12000  loss=1.8467
step 2609/12000  loss=1.8790
step 2610/12000  loss=1.8337
step 2611/12000  loss=1.7978
step 2612/12000  loss=1.8936
step 2613/12000  loss=1.8056
step 2614/12000  loss=1.7449
step 2615/12000  loss=1.7701
step 2616/12000  loss=1.8640
step 2617/12000  loss=1.8168
step 2618/12000  loss=1.9269
step 2619/12000  loss=1.8545
step 2620/12000  loss=1.7610
step 2621/12000  loss=1.8206
step 2622/12000  loss=1.7675
step 2623/12000  loss=1.8367
step 2624/12000  loss=1.7990
step 2625/12000  loss=1.7306
step 2626/12000  loss=1.8437
step 2627/12000  loss=1.8042
step 2628/12000  loss=1.8254
step 2629/12000  loss=1.7670
step 2630/12000  loss=1.8920
step 2631/12000  loss=1.7609
step 2632/12000  loss=1.8026
step 2633/12000  loss=1.8056
step 2634/12000  loss=1.8055
step 2635/12000  loss=1.8787
step 2636/12000  loss=1.8282
step 2637/12000  loss=1.7982
step 2638/12000  loss=1.7737
step 2639/12000  loss=1.7916
step 2640/12000  loss=1.7933
step 2641/12000  loss=1.7570
step 2642/12000  loss=1.8190
step 2643/12000  loss=1.8016
step 2644/12000  loss=1.7067
step 2645/12000  loss=1.7769
step 2646/12000  loss=1.8147
step 2647/12000  loss=1.8917
step 2648/12000  loss=1.8420
step 2649/12000  loss=1.8616
step 2650/12000  loss=1.7878
step 2651/12000  loss=1.7814
step 2652/12000  loss=1.7571
step 2653/12000  loss=1.7796
step 2654/12000  loss=1.8198
step 2655/12000  loss=1.8963
step 2656/12000  loss=1.8367
step 2657/12000  loss=1.8556
step 2658/12000  loss=1.7817
step 2659/12000  loss=1.7994
step 2660/12000  loss=1.8784
step 2661/12000  loss=1.7846
step 2662/12000  loss=1.7291
step 2663/12000  loss=1.7587
step 2664/12000  loss=1.7269
step 2665/12000  loss=1.8773
step 2666/12000  loss=1.8691
step 2667/12000  loss=1.7070
step 2668/12000  loss=1.6556
step 2669/12000  loss=1.7865
step 2670/12000  loss=1.8088
step 2671/12000  loss=1.8163
step 2672/12000  loss=1.7715
step 2673/12000  loss=1.8063
step 2674/12000  loss=1.7088
step 2675/12000  loss=1.8402
step 2676/12000  loss=1.7155
step 2677/12000  loss=1.8393
step 2678/12000  loss=1.8931
step 2679/12000  loss=1.7774
step 2680/12000  loss=1.8276
step 2681/12000  loss=1.7362
step 2682/12000  loss=1.8704
step 2683/12000  loss=1.8165
step 2684/12000  loss=1.7982
step 2685/12000  loss=1.7322
step 2686/12000  loss=1.7996
step 2687/12000  loss=1.7791
step 2688/12000  loss=1.8360
step 2689/12000  loss=1.8211
step 2690/12000  loss=1.8517
step 2691/12000  loss=1.8581
step 2692/12000  loss=1.7571
step 2693/12000  loss=1.7770
step 2694/12000  loss=1.8986
step 2695/12000  loss=1.7935
step 2696/12000  loss=1.7151
step 2697/12000  loss=1.8807
step 2698/12000  loss=1.8278
step 2699/12000  loss=1.7776
step 2700/12000  loss=1.7712
step 2701/12000  loss=1.8177
step 2702/12000  loss=1.8307
step 2703/12000  loss=1.7986
step 2704/12000  loss=1.7616
step 2705/12000  loss=1.8078
step 2706/12000  loss=1.8508
step 2707/12000  loss=1.8022
step 2708/12000  loss=1.8424
step 2709/12000  loss=1.7717
step 2710/12000  loss=1.6521
step 2711/12000  loss=1.7860
step 2712/12000  loss=1.8432
step 2713/12000  loss=1.7010
step 2714/12000  loss=1.7934
step 2715/12000  loss=1.7706
step 2716/12000  loss=1.8022
step 2717/12000  loss=1.8115
step 2718/12000  loss=1.8539
step 2719/12000  loss=1.7874
step 2720/12000  loss=1.8638
step 2721/12000  loss=1.7595
step 2722/12000  loss=1.8700
step 2723/12000  loss=1.8982
step 2724/12000  loss=1.7762
step 2725/12000  loss=1.8942
step 2726/12000  loss=1.7583
step 2727/12000  loss=1.7462
step 2728/12000  loss=1.8306
step 2729/12000  loss=1.6750
step 2730/12000  loss=1.7731
step 2731/12000  loss=1.7547
step 2732/12000  loss=1.7596
step 2733/12000  loss=1.8533
step 2734/12000  loss=1.7882
step 2735/12000  loss=1.6961
step 2736/12000  loss=1.7622
step 2737/12000  loss=1.7674
step 2738/12000  loss=1.8681
step 2739/12000  loss=1.7824
step 2740/12000  loss=1.6728
step 2741/12000  loss=1.7840
step 2742/12000  loss=1.7769
step 2743/12000  loss=1.8234
step 2744/12000  loss=1.8147
step 2745/12000  loss=1.8007
step 2746/12000  loss=1.7620
step 2747/12000  loss=1.7933
step 2748/12000  loss=1.8036
step 2749/12000  loss=1.8236
step 2750/12000  loss=1.8370
step 2751/12000  loss=1.7771
step 2752/12000  loss=1.8078
step 2753/12000  loss=1.8891
step 2754/12000  loss=1.7949
step 2755/12000  loss=1.7976
step 2756/12000  loss=1.8081
step 2757/12000  loss=1.7778
step 2758/12000  loss=1.7601
step 2759/12000  loss=1.7558
step 2760/12000  loss=1.6863
step 2761/12000  loss=1.7654
step 2762/12000  loss=1.6752
step 2763/12000  loss=1.8018
step 2764/12000  loss=1.8057
step 2765/12000  loss=1.8192
step 2766/12000  loss=1.7704
step 2767/12000  loss=1.8088
step 2768/12000  loss=1.7253
step 2769/12000  loss=1.8369
step 2770/12000  loss=1.8128
step 2771/12000  loss=1.8119
step 2772/12000  loss=1.8836
step 2773/12000  loss=1.9028
step 2774/12000  loss=1.7364
step 2775/12000  loss=1.7772
step 2776/12000  loss=1.7696
step 2777/12000  loss=1.7522
step 2778/12000  loss=1.7953
step 2779/12000  loss=1.7916
step 2780/12000  loss=1.7249
step 2781/12000  loss=1.8424
step 2782/12000  loss=1.8372
step 2783/12000  loss=1.8541
step 2784/12000  loss=1.7686
step 2785/12000  loss=1.8443
step 2786/12000  loss=1.8070
step 2787/12000  loss=1.7275
step 2788/12000  loss=1.8403
step 2789/12000  loss=1.8322
step 2790/12000  loss=1.7659
step 2791/12000  loss=1.8252
step 2792/12000  loss=1.8416
step 2793/12000  loss=1.7983
step 2794/12000  loss=1.8195
step 2795/12000  loss=1.7845
step 2796/12000  loss=1.7809
step 2797/12000  loss=1.7764
step 2798/12000  loss=1.8009
step 2799/12000  loss=1.8212
step 2800/12000  loss=1.7557
step 2801/12000  loss=1.8152
step 2802/12000  loss=1.6953
step 2803/12000  loss=1.7093
step 2804/12000  loss=1.8777
step 2805/12000  loss=1.7468
step 2806/12000  loss=1.8645
step 2807/12000  loss=1.7283
step 2808/12000  loss=1.8503
step 2809/12000  loss=1.8826
step 2810/12000  loss=1.7882
step 2811/12000  loss=1.7378
step 2812/12000  loss=1.7770
step 2813/12000  loss=1.8318
step 2814/12000  loss=1.8580
step 2815/12000  loss=1.8041
step 2816/12000  loss=1.8128
step 2817/12000  loss=1.8292
step 2818/12000  loss=1.7642
step 2819/12000  loss=1.7581
step 2820/12000  loss=1.7797
step 2821/12000  loss=1.8162
step 2822/12000  loss=1.7204
step 2823/12000  loss=1.7190
step 2824/12000  loss=1.7552
step 2825/12000  loss=1.7827
step 2826/12000  loss=1.8220
step 2827/12000  loss=1.7274
step 2828/12000  loss=1.7688
step 2829/12000  loss=1.8358
step 2830/12000  loss=1.7516
step 2831/12000  loss=1.7325
step 2832/12000  loss=1.7944
step 2833/12000  loss=1.7561
step 2834/12000  loss=1.7703
step 2835/12000  loss=1.6914
step 2836/12000  loss=1.7589
step 2837/12000  loss=1.7498
step 2838/12000  loss=1.8365
step 2839/12000  loss=1.8612
step 2840/12000  loss=1.7670
step 2841/12000  loss=1.7594
step 2842/12000  loss=1.8064
step 2843/12000  loss=1.8305
step 2844/12000  loss=1.8534
step 2845/12000  loss=1.8213
step 2846/12000  loss=1.7858
step 2847/12000  loss=1.8545
step 2848/12000  loss=1.7254
step 2849/12000  loss=1.7434
step 2850/12000  loss=1.8478
step 2851/12000  loss=1.8635
step 2852/12000  loss=1.7847
step 2853/12000  loss=1.8060
step 2854/12000  loss=1.9191
step 2855/12000  loss=1.7738
step 2856/12000  loss=1.7917
step 2857/12000  loss=1.7521
step 2858/12000  loss=1.8099
step 2859/12000  loss=1.7982
step 2860/12000  loss=1.7351
step 2861/12000  loss=1.8511
step 2862/12000  loss=1.8201
step 2863/12000  loss=1.8383
step 2864/12000  loss=1.8335
step 2865/12000  loss=1.7634
step 2866/12000  loss=1.7648
step 2867/12000  loss=1.8032
step 2868/12000  loss=1.8188
step 2869/12000  loss=1.8098
step 2870/12000  loss=1.8015
step 2871/12000  loss=1.8330
step 2872/12000  loss=1.7534
step 2873/12000  loss=1.8632
step 2874/12000  loss=1.8839
step 2875/12000  loss=1.7531
step 2876/12000  loss=1.7988
step 2877/12000  loss=1.7631
step 2878/12000  loss=1.9112
step 2879/12000  loss=1.7857
step 2880/12000  loss=1.7768
step 2881/12000  loss=1.8087
step 2882/12000  loss=1.8041
step 2883/12000  loss=1.7405
step 2884/12000  loss=1.7656
step 2885/12000  loss=1.7490
step 2886/12000  loss=1.7632
step 2887/12000  loss=1.7541
step 2888/12000  loss=1.7661
step 2889/12000  loss=1.7815
step 2890/12000  loss=1.7715
step 2891/12000  loss=1.7805
step 2892/12000  loss=1.8610
step 2893/12000  loss=1.7987
step 2894/12000  loss=1.7992
step 2895/12000  loss=1.7854
step 2896/12000  loss=1.7769
step 2897/12000  loss=1.7174
step 2898/12000  loss=1.8462
step 2899/12000  loss=1.8227
step 2900/12000  loss=1.7294
step 2901/12000  loss=1.8006
step 2902/12000  loss=1.7741
step 2903/12000  loss=1.8370
step 2904/12000  loss=1.7931
step 2905/12000  loss=1.8015
step 2906/12000  loss=1.8022
step 2907/12000  loss=1.7919
step 2908/12000  loss=1.8603
step 2909/12000  loss=1.7618
step 2910/12000  loss=1.8983
step 2911/12000  loss=1.7979
step 2912/12000  loss=1.8197
step 2913/12000  loss=1.8313
step 2914/12000  loss=1.7566
step 2915/12000  loss=1.7347
step 2916/12000  loss=1.7382
step 2917/12000  loss=1.7781
step 2918/12000  loss=1.7185
step 2919/12000  loss=1.8054
step 2920/12000  loss=1.8160
step 2921/12000  loss=1.7708
step 2922/12000  loss=1.7858
step 2923/12000  loss=1.7530
step 2924/12000  loss=1.7828
step 2925/12000  loss=1.8235
step 2926/12000  loss=1.7524
step 2927/12000  loss=1.8309
step 2928/12000  loss=1.8196
step 2929/12000  loss=1.7806
step 2930/12000  loss=1.8343
step 2931/12000  loss=1.6723
step 2932/12000  loss=1.8373
step 2933/12000  loss=1.8440
step 2934/12000  loss=1.8628
step 2935/12000  loss=1.7517
step 2936/12000  loss=1.7364
step 2937/12000  loss=1.7434
step 2938/12000  loss=1.8009
step 2939/12000  loss=1.7659
step 2940/12000  loss=1.7633
step 2941/12000  loss=1.7980
step 2942/12000  loss=1.8579
step 2943/12000  loss=1.8585
step 2944/12000  loss=1.8039
step 2945/12000  loss=1.8609
step 2946/12000  loss=1.7218
step 2947/12000  loss=1.7572
step 2948/12000  loss=1.7972
step 2949/12000  loss=1.6948
step 2950/12000  loss=1.6640
step 2951/12000  loss=1.7966
step 2952/12000  loss=1.7735
step 2953/12000  loss=1.7216
step 2954/12000  loss=1.8147
step 2955/12000  loss=1.8557
step 2956/12000  loss=1.7801
step 2957/12000  loss=1.8090
step 2958/12000  loss=1.8439
step 2959/12000  loss=1.8999
step 2960/12000  loss=1.7283
step 2961/12000  loss=1.8061
step 2962/12000  loss=1.7867
step 2963/12000  loss=1.6935
step 2964/12000  loss=1.7731
step 2965/12000  loss=1.8392
step 2966/12000  loss=1.7298
step 2967/12000  loss=1.8159
step 2968/12000  loss=1.8874
step 2969/12000  loss=1.8269
step 2970/12000  loss=1.8277
step 2971/12000  loss=1.8188
step 2972/12000  loss=1.7461
step 2973/12000  loss=1.7264
step 2974/12000  loss=1.7607
step 2975/12000  loss=1.7936
step 2976/12000  loss=1.7750
step 2977/12000  loss=1.7600
step 2978/12000  loss=1.7793
step 2979/12000  loss=1.7718
step 2980/12000  loss=1.8303
step 2981/12000  loss=1.7401
step 2982/12000  loss=1.7949
step 2983/12000  loss=1.8010
step 2984/12000  loss=1.8217
step 2985/12000  loss=1.7724
step 2986/12000  loss=1.7058
step 2987/12000  loss=1.7567
step 2988/12000  loss=1.7729
step 2989/12000  loss=1.8504
step 2990/12000  loss=1.7168
step 2991/12000  loss=1.7679
step 2992/12000  loss=1.8822
step 2993/12000  loss=1.8025
step 2994/12000  loss=1.8337
step 2995/12000  loss=1.7921
step 2996/12000  loss=1.7787
step 2997/12000  loss=1.7295
step 2998/12000  loss=1.7167
step 2999/12000  loss=1.7032
== step 3000/12000  loss=1.7852  PPL=5.98  (11634s) ==
step 3001/12000  loss=1.7939
step 3002/12000  loss=1.7782
step 3003/12000  loss=1.8128
step 3004/12000  loss=1.8178
step 3005/12000  loss=1.6402
step 3006/12000  loss=1.7521
step 3007/12000  loss=1.8157
step 3008/12000  loss=1.8115
step 3009/12000  loss=1.7780
step 3010/12000  loss=1.8063
step 3011/12000  loss=1.8198
step 3012/12000  loss=1.8351
step 3013/12000  loss=1.8317
step 3014/12000  loss=1.7892
step 3015/12000  loss=1.7411
step 3016/12000  loss=1.7649
step 3017/12000  loss=1.7111
step 3018/12000  loss=1.8340
step 3019/12000  loss=1.7388
step 3020/12000  loss=1.6269
step 3021/12000  loss=1.8026
step 3022/12000  loss=1.7338
step 3023/12000  loss=1.7378
step 3024/12000  loss=1.8564
step 3025/12000  loss=1.8097
step 3026/12000  loss=1.8283
step 3027/12000  loss=1.8670
step 3028/12000  loss=1.7901
step 3029/12000  loss=1.8237
step 3030/12000  loss=1.8710
step 3031/12000  loss=1.8175
step 3032/12000  loss=1.7748
step 3033/12000  loss=1.7793
step 3034/12000  loss=1.7253
step 3035/12000  loss=1.8039
step 3036/12000  loss=1.7722
step 3037/12000  loss=1.7955
step 3038/12000  loss=1.8495
step 3039/12000  loss=1.7702
step 3040/12000  loss=1.8230
step 3041/12000  loss=1.7758
step 3042/12000  loss=1.8134
step 3043/12000  loss=1.7886
step 3044/12000  loss=1.6773
step 3045/12000  loss=1.7375
step 3046/12000  loss=1.7982
step 3047/12000  loss=1.7264
step 3048/12000  loss=1.8710
step 3049/12000  loss=1.7309
step 3050/12000  loss=1.7728
step 3051/12000  loss=1.8573
step 3052/12000  loss=1.8339
step 3053/12000  loss=1.8306
step 3054/12000  loss=1.7356
step 3055/12000  loss=1.7452
step 3056/12000  loss=1.7101
step 3057/12000  loss=1.7745
step 3058/12000  loss=1.7489
step 3059/12000  loss=1.8009
step 3060/12000  loss=1.8025
step 3061/12000  loss=1.7090
step 3062/12000  loss=1.7405
step 3063/12000  loss=1.7916
step 3064/12000  loss=1.7804
step 3065/12000  loss=1.7544
step 3066/12000  loss=1.7502
step 3067/12000  loss=1.7646
step 3068/12000  loss=1.7997
step 3069/12000  loss=1.7421
step 3070/12000  loss=1.8052
step 3071/12000  loss=1.8195
step 3072/12000  loss=1.7771
step 3073/12000  loss=1.7874
step 3074/12000  loss=1.7241
step 3075/12000  loss=1.8014
step 3076/12000  loss=1.7364
step 3077/12000  loss=1.7782
step 3078/12000  loss=1.7674
step 3079/12000  loss=1.7541
step 3080/12000  loss=1.8143
step 3081/12000  loss=1.7832
step 3082/12000  loss=1.7509
step 3083/12000  loss=1.8057
step 3084/12000  loss=1.7665
step 3085/12000  loss=1.8114
step 3086/12000  loss=1.7182
step 3087/12000  loss=1.7411
step 3088/12000  loss=1.7910
step 3089/12000  loss=1.7947
step 3090/12000  loss=1.8407
step 3091/12000  loss=1.8249
step 3092/12000  loss=1.8491
step 3093/12000  loss=1.8231
step 3094/12000  loss=1.8158
step 3095/12000  loss=1.8229
step 3096/12000  loss=1.7219
step 3097/12000  loss=1.7490
step 3098/12000  loss=1.8447
step 3099/12000  loss=1.7939
step 3100/12000  loss=1.7778
step 3101/12000  loss=1.6593
step 3102/12000  loss=1.6064
step 3103/12000  loss=1.7789
step 3104/12000  loss=1.8029
step 3105/12000  loss=1.7707
step 3106/12000  loss=1.8384
step 3107/12000  loss=1.7761
step 3108/12000  loss=1.7575
step 3109/12000  loss=1.7563
step 3110/12000  loss=1.7489
step 3111/12000  loss=1.7714
step 3112/12000  loss=1.8169
step 3113/12000  loss=1.7867
step 3114/12000  loss=1.8397
step 3115/12000  loss=1.7746
step 3116/12000  loss=1.6604
step 3117/12000  loss=1.8108
step 3118/12000  loss=1.7193
step 3119/12000  loss=1.7852
step 3120/12000  loss=1.7535
step 3121/12000  loss=1.8353
step 3122/12000  loss=1.7673
step 3123/12000  loss=1.7364
step 3124/12000  loss=1.8741
step 3125/12000  loss=1.8084
step 3126/12000  loss=1.8380
step 3127/12000  loss=1.8222
step 3128/12000  loss=1.8318
step 3129/12000  loss=1.7820
step 3130/12000  loss=1.8588
step 3131/12000  loss=1.7649
step 3132/12000  loss=1.8427
step 3133/12000  loss=1.7937
step 3134/12000  loss=1.7868
step 3135/12000  loss=1.8125
step 3136/12000  loss=1.7223
step 3137/12000  loss=1.7986
step 3138/12000  loss=1.7733
step 3139/12000  loss=1.7998
step 3140/12000  loss=1.6094
step 3141/12000  loss=1.8166
step 3142/12000  loss=1.7728
step 3143/12000  loss=1.7924
step 3144/12000  loss=1.7273
step 3145/12000  loss=1.8205
step 3146/12000  loss=1.7397
step 3147/12000  loss=1.7920
step 3148/12000  loss=1.8783
step 3149/12000  loss=1.8221
step 3150/12000  loss=1.7179
step 3151/12000  loss=1.7526
step 3152/12000  loss=1.8262
step 3153/12000  loss=1.7205
step 3154/12000  loss=1.8255
step 3155/12000  loss=1.8909
step 3156/12000  loss=1.8153
step 3157/12000  loss=1.7387
step 3158/12000  loss=1.7490
step 3159/12000  loss=1.7948
step 3160/12000  loss=1.7153
step 3161/12000  loss=1.7455
step 3162/12000  loss=1.8356
step 3163/12000  loss=1.7558
step 3164/12000  loss=1.7579
step 3165/12000  loss=1.8340
step 3166/12000  loss=1.8068
step 3167/12000  loss=1.7611
step 3168/12000  loss=1.7645
step 3169/12000  loss=1.7683
step 3170/12000  loss=1.7962
step 3171/12000  loss=1.8647
step 3172/12000  loss=1.8420
step 3173/12000  loss=1.7082
step 3174/12000  loss=1.7990
step 3175/12000  loss=1.8488
step 3176/12000  loss=1.7731
step 3177/12000  loss=1.6898
step 3178/12000  loss=1.8236
step 3179/12000  loss=1.8146
step 3180/12000  loss=1.6950
step 3181/12000  loss=1.7280
step 3182/12000  loss=1.7500
step 3183/12000  loss=1.7732
step 3184/12000  loss=1.7754
step 3185/12000  loss=1.8936
step 3186/12000  loss=1.8129
step 3187/12000  loss=1.7497
step 3188/12000  loss=1.7250
step 3189/12000  loss=1.8162
step 3190/12000  loss=1.7803
step 3191/12000  loss=1.7457
step 3192/12000  loss=1.7333
step 3193/12000  loss=1.7463
step 3194/12000  loss=1.8424
step 3195/12000  loss=1.8374
step 3196/12000  loss=1.7182
step 3197/12000  loss=1.8025
step 3198/12000  loss=1.7204
step 3199/12000  loss=1.7367
step 3200/12000  loss=1.8300
step 3201/12000  loss=1.8584
step 3202/12000  loss=1.7369
step 3203/12000  loss=1.8664
step 3204/12000  loss=1.8003
step 3205/12000  loss=1.7397
step 3206/12000  loss=1.7603
step 3207/12000  loss=1.8291
step 3208/12000  loss=1.8312
step 3209/12000  loss=1.8670
step 3210/12000  loss=1.8348
step 3211/12000  loss=1.8155
step 3212/12000  loss=1.7811
step 3213/12000  loss=1.7999
step 3214/12000  loss=1.7726
step 3215/12000  loss=1.7814
step 3216/12000  loss=1.7094
step 3217/12000  loss=1.7188
step 3218/12000  loss=1.7578
step 3219/12000  loss=1.8346
step 3220/12000  loss=1.8216
step 3221/12000  loss=1.7197
step 3222/12000  loss=1.7409
step 3223/12000  loss=1.7837
step 3224/12000  loss=1.8142
step 3225/12000  loss=1.8032
step 3226/12000  loss=1.7291
step 3227/12000  loss=1.7433
step 3228/12000  loss=1.7565
step 3229/12000  loss=1.8044
step 3230/12000  loss=1.7607
step 3231/12000  loss=1.6929
step 3232/12000  loss=1.7701
step 3233/12000  loss=1.7688
step 3234/12000  loss=1.8070
step 3235/12000  loss=1.7572
step 3236/12000  loss=1.7627
step 3237/12000  loss=1.7993
step 3238/12000  loss=1.7853
step 3239/12000  loss=1.7695
step 3240/12000  loss=1.7414
step 3241/12000  loss=1.6974
step 3242/12000  loss=1.8240
step 3243/12000  loss=1.8658
step 3244/12000  loss=1.8153
step 3245/12000  loss=1.7795
step 3246/12000  loss=1.7992
step 3247/12000  loss=1.7417
step 3248/12000  loss=1.7276
step 3249/12000  loss=1.9109
step 3250/12000  loss=1.7638
step 3251/12000  loss=1.7204
step 3252/12000  loss=1.8660
step 3253/12000  loss=1.7775
step 3254/12000  loss=1.8087
step 3255/12000  loss=1.7244
step 3256/12000  loss=1.7709
step 3257/12000  loss=1.7583
step 3258/12000  loss=1.7988
step 3259/12000  loss=1.7325
step 3260/12000  loss=1.7471
step 3261/12000  loss=1.7372
step 3262/12000  loss=1.7495
step 3263/12000  loss=1.9169
step 3264/12000  loss=1.6906
step 3265/12000  loss=1.8095
step 3266/12000  loss=1.8095
step 3267/12000  loss=1.7499
step 3268/12000  loss=1.8495
step 3269/12000  loss=1.7083
step 3270/12000  loss=1.7795
step 3271/12000  loss=1.8640
step 3272/12000  loss=1.6735
step 3273/12000  loss=1.8082
step 3274/12000  loss=1.8611
step 3275/12000  loss=1.8608
step 3276/12000  loss=1.7709
step 3277/12000  loss=1.7824
step 3278/12000  loss=1.7354
step 3279/12000  loss=1.7641
step 3280/12000  loss=1.7338
step 3281/12000  loss=1.7177
step 3282/12000  loss=1.6979
step 3283/12000  loss=1.7948
step 3284/12000  loss=1.6835
step 3285/12000  loss=1.8024
step 3286/12000  loss=1.7641
step 3287/12000  loss=1.7065
step 3288/12000  loss=1.7914
step 3289/12000  loss=1.8866
step 3290/12000  loss=1.7328
step 3291/12000  loss=1.8086
step 3292/12000  loss=1.6846
step 3293/12000  loss=1.7154
step 3294/12000  loss=1.7915
step 3295/12000  loss=1.7592
step 3296/12000  loss=1.7647
step 3297/12000  loss=1.7787
step 3298/12000  loss=1.8150
step 3299/12000  loss=1.7646
step 3300/12000  loss=1.7519
step 3301/12000  loss=1.8363
step 3302/12000  loss=1.7845
step 3303/12000  loss=1.7873
step 3304/12000  loss=1.7207
step 3305/12000  loss=1.8169
step 3306/12000  loss=1.8016
step 3307/12000  loss=1.6175
step 3308/12000  loss=1.7450
step 3309/12000  loss=1.7139
step 3310/12000  loss=1.7562
step 3311/12000  loss=1.7032
step 3312/12000  loss=1.8427
step 3313/12000  loss=1.8449
step 3314/12000  loss=1.7394
step 3315/12000  loss=1.8093
step 3316/12000  loss=1.8243
step 3317/12000  loss=1.7900
step 3318/12000  loss=1.7635
step 3319/12000  loss=1.7795
step 3320/12000  loss=1.8608
step 3321/12000  loss=1.7086
step 3322/12000  loss=1.7457
step 3323/12000  loss=1.7899
step 3324/12000  loss=1.8159
step 3325/12000  loss=1.8125
step 3326/12000  loss=1.7275
step 3327/12000  loss=1.6826
step 3328/12000  loss=1.7790
step 3329/12000  loss=1.6601
step 3330/12000  loss=1.7862
step 3331/12000  loss=1.7920
step 3332/12000  loss=1.5848
step 3333/12000  loss=1.8039
step 3334/12000  loss=1.8439
step 3335/12000  loss=1.7744
step 3336/12000  loss=1.7674
step 3337/12000  loss=1.7194
step 3338/12000  loss=1.7388
step 3339/12000  loss=1.8209
step 3340/12000  loss=1.7476
step 3341/12000  loss=1.6755
step 3342/12000  loss=1.7347
step 3343/12000  loss=1.6746
step 3344/12000  loss=1.7749
step 3345/12000  loss=1.8201
step 3346/12000  loss=1.7310
step 3347/12000  loss=1.7377
step 3348/12000  loss=1.7891
step 3349/12000  loss=1.8433
step 3350/12000  loss=1.7274
step 3351/12000  loss=1.7708
step 3352/12000  loss=1.7178
step 3353/12000  loss=1.7275
step 3354/12000  loss=1.7394
step 3355/12000  loss=1.6496
step 3356/12000  loss=1.7555
step 3357/12000  loss=1.7744
step 3358/12000  loss=1.7565
step 3359/12000  loss=1.7065
step 3360/12000  loss=1.6580
step 3361/12000  loss=1.8380
step 3362/12000  loss=1.7615
step 3363/12000  loss=1.7380
step 3364/12000  loss=1.7106
step 3365/12000  loss=1.6815
step 3366/12000  loss=1.7042
step 3367/12000  loss=1.7101
step 3368/12000  loss=1.7410
step 3369/12000  loss=1.7413
step 3370/12000  loss=1.7762
step 3371/12000  loss=1.8024
step 3372/12000  loss=1.7155
step 3373/12000  loss=1.7343
step 3374/12000  loss=1.7148
step 3375/12000  loss=1.7203
step 3376/12000  loss=1.7885
step 3377/12000  loss=1.7721
step 3378/12000  loss=1.7665
step 3379/12000  loss=1.7272
step 3380/12000  loss=1.7836
step 3381/12000  loss=1.7502
step 3382/12000  loss=1.7596
step 3383/12000  loss=1.7381
step 3384/12000  loss=1.7527
step 3385/12000  loss=1.7499
step 3386/12000  loss=1.7884
step 3387/12000  loss=1.8529
step 3388/12000  loss=1.7717
step 3389/12000  loss=1.8004
step 3390/12000  loss=1.7648
step 3391/12000  loss=1.7532
step 3392/12000  loss=1.8069
step 3393/12000  loss=1.7449
step 3394/12000  loss=1.8026
step 3395/12000  loss=1.8319
step 3396/12000  loss=1.7703
step 3397/12000  loss=1.8256
step 3398/12000  loss=1.7667
step 3399/12000  loss=1.7404
step 3400/12000  loss=1.6958
step 3401/12000  loss=1.8227
step 3402/12000  loss=1.8117
step 3403/12000  loss=1.7599
step 3404/12000  loss=1.7452
step 3405/12000  loss=1.7738
step 3406/12000  loss=1.7036
step 3407/12000  loss=1.7559
step 3408/12000  loss=1.7439
step 3409/12000  loss=1.7972
step 3410/12000  loss=1.7525
step 3411/12000  loss=1.7011
step 3412/12000  loss=1.7966
step 3413/12000  loss=1.8239
step 3414/12000  loss=1.7928
step 3415/12000  loss=1.7633
step 3416/12000  loss=1.8960
step 3417/12000  loss=1.7721
step 3418/12000  loss=1.7044
step 3419/12000  loss=1.7533
step 3420/12000  loss=1.7843
step 3421/12000  loss=1.7097
step 3422/12000  loss=1.7344
step 3423/12000  loss=1.7733
step 3424/12000  loss=1.8235
step 3425/12000  loss=1.7503
step 3426/12000  loss=1.7990
step 3427/12000  loss=1.7590
step 3428/12000  loss=1.7306
step 3429/12000  loss=1.7006
step 3430/12000  loss=1.8000
step 3431/12000  loss=1.7352
step 3432/12000  loss=1.7763
step 3433/12000  loss=1.8167
step 3434/12000  loss=1.7382
step 3435/12000  loss=1.8394
step 3436/12000  loss=1.7872
step 3437/12000  loss=1.8197
step 3438/12000  loss=1.8003
step 3439/12000  loss=1.7962
step 3440/12000  loss=1.7418
step 3441/12000  loss=1.7564
step 3442/12000  loss=1.7490
step 3443/12000  loss=1.7297
step 3444/12000  loss=1.8025
step 3445/12000  loss=1.7842
step 3446/12000  loss=1.6928
step 3447/12000  loss=1.7427
step 3448/12000  loss=1.8296
step 3449/12000  loss=1.7683
step 3450/12000  loss=1.7750
step 3451/12000  loss=1.7532
step 3452/12000  loss=1.8247
step 3453/12000  loss=1.7085
step 3454/12000  loss=1.7857
step 3455/12000  loss=1.7458
step 3456/12000  loss=1.7717
step 3457/12000  loss=1.8056
step 3458/12000  loss=1.6650
step 3459/12000  loss=1.7897
step 3460/12000  loss=1.8190
step 3461/12000  loss=1.7744
step 3462/12000  loss=1.7879
step 3463/12000  loss=1.7742
step 3464/12000  loss=1.7957
step 3465/12000  loss=1.8189
step 3466/12000  loss=1.6970
step 3467/12000  loss=1.7506
step 3468/12000  loss=1.7492
step 3469/12000  loss=1.7690
step 3470/12000  loss=1.7564
step 3471/12000  loss=1.7053
step 3472/12000  loss=1.7498
step 3473/12000  loss=1.8208
step 3474/12000  loss=1.8078
step 3475/12000  loss=1.7461
step 3476/12000  loss=1.7534
step 3477/12000  loss=1.8812
step 3478/12000  loss=1.7685
step 3479/12000  loss=1.7783
step 3480/12000  loss=1.7970
step 3481/12000  loss=1.7476
step 3482/12000  loss=1.7790
step 3483/12000  loss=1.7573
step 3484/12000  loss=1.7745
step 3485/12000  loss=1.8164
step 3486/12000  loss=1.7716
step 3487/12000  loss=1.7551
step 3488/12000  loss=1.8611
step 3489/12000  loss=1.8307
step 3490/12000  loss=1.7870
step 3491/12000  loss=1.8004
step 3492/12000  loss=1.7839
step 3493/12000  loss=1.7744
step 3494/12000  loss=1.7578
step 3495/12000  loss=1.7780
step 3496/12000  loss=1.7034
step 3497/12000  loss=1.7497
step 3498/12000  loss=1.7812
step 3499/12000  loss=1.8184
== step 3500/12000  loss=1.6925  PPL=5.77  (13561s) ==
step 3501/12000  loss=1.7434
step 3502/12000  loss=1.7673
step 3503/12000  loss=1.7799
step 3504/12000  loss=1.7939
step 3505/12000  loss=1.8117
step 3506/12000  loss=1.7515
step 3507/12000  loss=1.7688
step 3508/12000  loss=1.7516
step 3509/12000  loss=1.7232
step 3510/12000  loss=1.8021
step 3511/12000  loss=1.7835
step 3512/12000  loss=1.8213
step 3513/12000  loss=1.7135
step 3514/12000  loss=1.7521
step 3515/12000  loss=1.7888
step 3516/12000  loss=1.7907
step 3517/12000  loss=1.7460
step 3518/12000  loss=1.7405
step 3519/12000  loss=1.8142
step 3520/12000  loss=1.7848
step 3521/12000  loss=1.7512
step 3522/12000  loss=1.8571
step 3523/12000  loss=1.6768
step 3524/12000  loss=1.7940
step 3525/12000  loss=1.7812
step 3526/12000  loss=1.7740
step 3527/12000  loss=1.6966
step 3528/12000  loss=1.7990
step 3529/12000  loss=1.7666
step 3530/12000  loss=1.8120
step 3531/12000  loss=1.8379
step 3532/12000  loss=1.8082
step 3533/12000  loss=1.6490
step 3534/12000  loss=1.7235
step 3535/12000  loss=1.7656
step 3536/12000  loss=1.7376
step 3537/12000  loss=1.7355
step 3538/12000  loss=1.8237
step 3539/12000  loss=1.7994
step 3540/12000  loss=1.8196
step 3541/12000  loss=1.7892
step 3542/12000  loss=1.7687
step 3543/12000  loss=1.8419
step 3544/12000  loss=1.7840
step 3545/12000  loss=1.7696
step 3546/12000  loss=1.7822
step 3547/12000  loss=1.8149
step 3548/12000  loss=1.7258
step 3549/12000  loss=1.8007
step 3550/12000  loss=1.7869
step 3551/12000  loss=1.7625
step 3552/12000  loss=1.8266
step 3553/12000  loss=1.8409
step 3554/12000  loss=1.8110
step 3555/12000  loss=1.8230
step 3556/12000  loss=1.8339
step 3557/12000  loss=1.7427
step 3558/12000  loss=1.7681
step 3559/12000  loss=1.6994
step 3560/12000  loss=1.7390
step 3561/12000  loss=1.7291
step 3562/12000  loss=1.7227
step 3563/12000  loss=1.8541
step 3564/12000  loss=1.7468
step 3565/12000  loss=1.7557
step 3566/12000  loss=1.8401
step 3567/12000  loss=1.7283
step 3568/12000  loss=1.8089
step 3569/12000  loss=1.7777
step 3570/12000  loss=1.7395
step 3571/12000  loss=1.7596
step 3572/12000  loss=1.6927
step 3573/12000  loss=1.7906
step 3574/12000  loss=1.8814
step 3575/12000  loss=1.7873
step 3576/12000  loss=1.7456
step 3577/12000  loss=1.8659
step 3578/12000  loss=1.7122
step 3579/12000  loss=1.7608
step 3580/12000  loss=1.7795
step 3581/12000  loss=1.7991
step 3582/12000  loss=1.8399
step 3583/12000  loss=1.7860
step 3584/12000  loss=1.7570
step 3585/12000  loss=1.7231
step 3586/12000  loss=1.7220
step 3587/12000  loss=1.8005
step 3588/12000  loss=1.7949
step 3589/12000  loss=1.7225
step 3590/12000  loss=1.7792
step 3591/12000  loss=1.7081
step 3592/12000  loss=1.7475
step 3593/12000  loss=1.7209
step 3594/12000  loss=1.7983
step 3595/12000  loss=1.8274
step 3596/12000  loss=1.7419
step 3597/12000  loss=1.7787
step 3598/12000  loss=1.7296
step 3599/12000  loss=1.7911
step 3600/12000  loss=1.8300
step 3601/12000  loss=1.7347
step 3602/12000  loss=1.7619
step 3603/12000  loss=1.7744
step 3604/12000  loss=1.7575
step 3605/12000  loss=1.7695
step 3606/12000  loss=1.7982
step 3607/12000  loss=1.8399
step 3608/12000  loss=1.7982
step 3609/12000  loss=1.7968
step 3610/12000  loss=1.7945
step 3611/12000  loss=1.7471
step 3612/12000  loss=1.8612
step 3613/12000  loss=1.7538
step 3614/12000  loss=1.7620
step 3615/12000  loss=1.8272
step 3616/12000  loss=1.8002
step 3617/12000  loss=1.8263
step 3618/12000  loss=1.6494
step 3619/12000  loss=1.7957
step 3620/12000  loss=1.8927
step 3621/12000  loss=1.8146
step 3622/12000  loss=1.6954
step 3623/12000  loss=1.7032
step 3624/12000  loss=1.7789
step 3625/12000  loss=1.8068
step 3626/12000  loss=1.7429
step 3627/12000  loss=1.6654
step 3628/12000  loss=1.6749
step 3629/12000  loss=1.7098
step 3630/12000  loss=1.7133
step 3631/12000  loss=1.8008
step 3632/12000  loss=1.8044
step 3633/12000  loss=1.8856
step 3634/12000  loss=1.7250
step 3635/12000  loss=1.7626
step 3636/12000  loss=1.7184
step 3637/12000  loss=1.7915
step 3638/12000  loss=1.7782
step 3639/12000  loss=1.7778
step 3640/12000  loss=1.7580
step 3641/12000  loss=1.7753
step 3642/12000  loss=1.7109
step 3643/12000  loss=1.7358
step 3644/12000  loss=1.7830
step 3645/12000  loss=1.8179
step 3646/12000  loss=1.7948
step 3647/12000  loss=1.7829
step 3648/12000  loss=1.7770
step 3649/12000  loss=1.8082
step 3650/12000  loss=1.7612
step 3651/12000  loss=1.6616
step 3652/12000  loss=1.7773
step 3653/12000  loss=1.7744
step 3654/12000  loss=1.7971
step 3655/12000  loss=1.7954
step 3656/12000  loss=1.8488
step 3657/12000  loss=1.7756
step 3658/12000  loss=1.8074
step 3659/12000  loss=1.7450
step 3660/12000  loss=1.7604
step 3661/12000  loss=1.7292
step 3662/12000  loss=1.8038
step 3663/12000  loss=1.7336
step 3664/12000  loss=1.8319
step 3665/12000  loss=1.7232
step 3666/12000  loss=1.8056
step 3667/12000  loss=1.6910
step 3668/12000  loss=1.7496
step 3669/12000  loss=1.6894
step 3670/12000  loss=1.7297
step 3671/12000  loss=1.7593
step 3672/12000  loss=1.6925
step 3673/12000  loss=1.7307
step 3674/12000  loss=1.8308
step 3675/12000  loss=1.7415
step 3676/12000  loss=1.7880
step 3677/12000  loss=1.7882
step 3678/12000  loss=1.7397
step 3679/12000  loss=1.7573
step 3680/12000  loss=1.7154
step 3681/12000  loss=1.8868
step 3682/12000  loss=1.7960
step 3683/12000  loss=1.8617
step 3684/12000  loss=1.7502
step 3685/12000  loss=1.8139
step 3686/12000  loss=1.8092
step 3687/12000  loss=1.7688
step 3688/12000  loss=1.7662
step 3689/12000  loss=1.8216
step 3690/12000  loss=1.7316
step 3691/12000  loss=1.7416
step 3692/12000  loss=1.7707
step 3693/12000  loss=1.7747
step 3694/12000  loss=1.7801
step 3695/12000  loss=1.7543
step 3696/12000  loss=1.7642
step 3697/12000  loss=1.7284
step 3698/12000  loss=1.7451
step 3699/12000  loss=1.8260
step 3700/12000  loss=1.8074
step 3701/12000  loss=1.8815
step 3702/12000  loss=1.7447
step 3703/12000  loss=1.6661
step 3704/12000  loss=1.7211
step 3705/12000  loss=1.7608
step 3706/12000  loss=1.7443
step 3707/12000  loss=1.8396
step 3708/12000  loss=1.7725
step 3709/12000  loss=1.7873
step 3710/12000  loss=1.7615
step 3711/12000  loss=1.7433
step 3712/12000  loss=1.7704
step 3713/12000  loss=1.7659
step 3714/12000  loss=1.7499
step 3715/12000  loss=1.7511
step 3716/12000  loss=1.7650
step 3717/12000  loss=1.7804
step 3718/12000  loss=1.8357
step 3719/12000  loss=1.7879
step 3720/12000  loss=1.7241
step 3721/12000  loss=1.6878
step 3722/12000  loss=1.7291
step 3723/12000  loss=1.7980
step 3724/12000  loss=1.7689
step 3725/12000  loss=1.7700
step 3726/12000  loss=1.7659
step 3727/12000  loss=1.8390
step 3728/12000  loss=1.7723
step 3729/12000  loss=1.7598
step 3730/12000  loss=1.7250
step 3731/12000  loss=1.7056
step 3732/12000  loss=1.7393
step 3733/12000  loss=1.7833
step 3734/12000  loss=1.7494
step 3735/12000  loss=1.7394
step 3736/12000  loss=1.7239
step 3737/12000  loss=1.7136
step 3738/12000  loss=1.7082
step 3739/12000  loss=1.7401
step 3740/12000  loss=1.7072
step 3741/12000  loss=1.8376
step 3742/12000  loss=1.6840
step 3743/12000  loss=1.7222
step 3744/12000  loss=1.7602
step 3745/12000  loss=1.7890
step 3746/12000  loss=1.7858
step 3747/12000  loss=1.6339
step 3748/12000  loss=1.6840
step 3749/12000  loss=1.6415
step 3750/12000  loss=1.7160
step 3751/12000  loss=1.7101
step 3752/12000  loss=1.8505
step 3753/12000  loss=1.7880
step 3754/12000  loss=1.8428
step 3755/12000  loss=1.7257
step 3756/12000  loss=1.8049
step 3757/12000  loss=1.7681
step 3758/12000  loss=1.7910
step 3759/12000  loss=1.7255
step 3760/12000  loss=1.7328
step 3761/12000  loss=1.6239
step 3762/12000  loss=1.7866
step 3763/12000  loss=1.7404
step 3764/12000  loss=1.6628
step 3765/12000  loss=1.7352
step 3766/12000  loss=1.7185
step 3767/12000  loss=1.6235
step 3768/12000  loss=1.6914
step 3769/12000  loss=1.6651
step 3770/12000  loss=1.8390
step 3771/12000  loss=1.7295
step 3772/12000  loss=1.7594
step 3773/12000  loss=1.6816
step 3774/12000  loss=1.7227
step 3775/12000  loss=1.7330
step 3776/12000  loss=1.7357
step 3777/12000  loss=1.7550
step 3778/12000  loss=1.7753
step 3779/12000  loss=1.7298
step 3780/12000  loss=1.7606
step 3781/12000  loss=1.7954
step 3782/12000  loss=1.7059
step 3783/12000  loss=1.8060
step 3784/12000  loss=1.8432
step 3785/12000  loss=1.7617
step 3786/12000  loss=1.8071
step 3787/12000  loss=1.8138
step 3788/12000  loss=1.7683
step 3789/12000  loss=1.7985
step 3790/12000  loss=1.7369
step 3791/12000  loss=1.7555
step 3792/12000  loss=1.7265
step 3793/12000  loss=1.7254
step 3794/12000  loss=1.7436
step 3795/12000  loss=1.6462
step 3796/12000  loss=1.8240
step 3797/12000  loss=1.7784
step 3798/12000  loss=1.7844
step 3799/12000  loss=1.8244
step 3800/12000  loss=1.7782
step 3801/12000  loss=1.7467
step 3802/12000  loss=1.7799
step 3803/12000  loss=1.7500
step 3804/12000  loss=1.7572
step 3805/12000  loss=1.7734
step 3806/12000  loss=1.8255
step 3807/12000  loss=1.7768
step 3808/12000  loss=1.6288
step 3809/12000  loss=1.8179
step 3810/12000  loss=1.6850
step 3811/12000  loss=1.7547
step 3812/12000  loss=1.7491
step 3813/12000  loss=1.7334
step 3814/12000  loss=1.7765
step 3815/12000  loss=1.7483
step 3816/12000  loss=1.7234
step 3817/12000  loss=1.7968
step 3818/12000  loss=1.7302
step 3819/12000  loss=1.7773
step 3820/12000  loss=1.7972
step 3821/12000  loss=1.8221
step 3822/12000  loss=1.7450
step 3823/12000  loss=1.7413
step 3824/12000  loss=1.7806
step 3825/12000  loss=1.7500
step 3826/12000  loss=1.7844
step 3827/12000  loss=1.7844
step 3828/12000  loss=1.7329
step 3829/12000  loss=1.7372
step 3830/12000  loss=1.7717
step 3831/12000  loss=1.7625
step 3832/12000  loss=1.7398
step 3833/12000  loss=1.7878
step 3834/12000  loss=1.7834
step 3835/12000  loss=1.7312
step 3836/12000  loss=1.7664
step 3837/12000  loss=1.7000
step 3838/12000  loss=1.6594
step 3839/12000  loss=1.7693
step 3840/12000  loss=1.7761
step 3841/12000  loss=1.8114
step 3842/12000  loss=1.7594
step 3843/12000  loss=1.7428
step 3844/12000  loss=1.6859
step 3845/12000  loss=1.8136
step 3846/12000  loss=1.7560
step 3847/12000  loss=1.6675
step 3848/12000  loss=1.7051
step 3849/12000  loss=1.8622
step 3850/12000  loss=1.7671
step 3851/12000  loss=1.6834
step 3852/12000  loss=1.7838
step 3853/12000  loss=1.6904
step 3854/12000  loss=1.8023
step 3855/12000  loss=1.7594
step 3856/12000  loss=1.8219
step 3857/12000  loss=1.8188
step 3858/12000  loss=1.7826
step 3859/12000  loss=1.7830
step 3860/12000  loss=1.7470
step 3861/12000  loss=1.7343
step 3862/12000  loss=1.7353
step 3863/12000  loss=1.7468
step 3864/12000  loss=1.7180
step 3865/12000  loss=1.7732
step 3866/12000  loss=1.7471
step 3867/12000  loss=1.7538
step 3868/12000  loss=1.7397
step 3869/12000  loss=1.7427
step 3870/12000  loss=1.7469
step 3871/12000  loss=1.7257
step 3872/12000  loss=1.7672
step 3873/12000  loss=1.7604
step 3874/12000  loss=1.7766
step 3875/12000  loss=1.8238
step 3876/12000  loss=1.7429
step 3877/12000  loss=1.8111
step 3878/12000  loss=1.8229
step 3879/12000  loss=1.7718
step 3880/12000  loss=1.7516
step 3881/12000  loss=1.7631
step 3882/12000  loss=1.7603
step 3883/12000  loss=1.7565
step 3884/12000  loss=1.6258
step 3885/12000  loss=1.7606
step 3886/12000  loss=1.7517
step 3887/12000  loss=1.6860
step 3888/12000  loss=1.7507
step 3889/12000  loss=1.7164
step 3890/12000  loss=1.8146
step 3891/12000  loss=1.7828
step 3892/12000  loss=1.7924
step 3893/12000  loss=1.7504
step 3894/12000  loss=1.7750
step 3895/12000  loss=1.7776
step 3896/12000  loss=1.7240
step 3897/12000  loss=1.8274
step 3898/12000  loss=1.8015
step 3899/12000  loss=1.7393
step 3900/12000  loss=1.6991
step 3901/12000  loss=1.7679
step 3902/12000  loss=1.7394
step 3903/12000  loss=1.7602
step 3904/12000  loss=1.7566
step 3905/12000  loss=1.6689
step 3906/12000  loss=1.8019
step 3907/12000  loss=1.8037
step 3908/12000  loss=1.7381
step 3909/12000  loss=1.6695
step 3910/12000  loss=1.7156
step 3911/12000  loss=1.7233
step 3912/12000  loss=1.7180
step 3913/12000  loss=1.7973
step 3914/12000  loss=1.7327
step 3915/12000  loss=1.6645
step 3916/12000  loss=1.8070
step 3917/12000  loss=1.7022
step 3918/12000  loss=1.8102
step 3919/12000  loss=1.7926
step 3920/12000  loss=1.6495
step 3921/12000  loss=1.7516
step 3922/12000  loss=1.8430
step 3923/12000  loss=1.8142
step 3924/12000  loss=1.7646
step 3925/12000  loss=1.8268
step 3926/12000  loss=1.7996
step 3927/12000  loss=1.6688
step 3928/12000  loss=1.7998
step 3929/12000  loss=1.7629
step 3930/12000  loss=1.7943
step 3931/12000  loss=1.7110
step 3932/12000  loss=1.7762
step 3933/12000  loss=1.7911
step 3934/12000  loss=1.7181
step 3935/12000  loss=1.7950
step 3936/12000  loss=1.7107
step 3937/12000  loss=1.7113
step 3938/12000  loss=1.7195
step 3939/12000  loss=1.7698
step 3940/12000  loss=1.7229
step 3941/12000  loss=1.7460
step 3942/12000  loss=1.7830
step 3943/12000  loss=1.7142
step 3944/12000  loss=1.7882
step 3945/12000  loss=1.7498
step 3946/12000  loss=1.6877
step 3947/12000  loss=1.7631
step 3948/12000  loss=1.7429
step 3949/12000  loss=1.6138
step 3950/12000  loss=1.8042
step 3951/12000  loss=1.6173
step 3952/12000  loss=1.7987
step 3953/12000  loss=1.7752
step 3954/12000  loss=1.7453
step 3955/12000  loss=1.8087
step 3956/12000  loss=1.7903
step 3957/12000  loss=1.7514
step 3958/12000  loss=1.8173
step 3959/12000  loss=1.7298
step 3960/12000  loss=1.7689
step 3961/12000  loss=1.7450
step 3962/12000  loss=1.8346
step 3963/12000  loss=1.7457
step 3964/12000  loss=1.7334
step 3965/12000  loss=1.7581
step 3966/12000  loss=1.7376
step 3967/12000  loss=1.8054
step 3968/12000  loss=1.6551
step 3969/12000  loss=1.7332
step 3970/12000  loss=1.6831
step 3971/12000  loss=1.7562
step 3972/12000  loss=1.7532
step 3973/12000  loss=1.6876
step 3974/12000  loss=1.6931
step 3975/12000  loss=1.7894
step 3976/12000  loss=1.7741
step 3977/12000  loss=1.7602
step 3978/12000  loss=1.7760
step 3979/12000  loss=1.7770
step 3980/12000  loss=1.8107
step 3981/12000  loss=1.7025
step 3982/12000  loss=1.8144
step 3983/12000  loss=1.7451
step 3984/12000  loss=1.6833
step 3985/12000  loss=1.7761
step 3986/12000  loss=1.7499
step 3987/12000  loss=1.7812
step 3988/12000  loss=1.7516
step 3989/12000  loss=1.8108
step 3990/12000  loss=1.7800
step 3991/12000  loss=1.6658
step 3992/12000  loss=1.7506
step 3993/12000  loss=1.7711
step 3994/12000  loss=1.7637
step 3995/12000  loss=1.7690
step 3996/12000  loss=1.6779
step 3997/12000  loss=1.7813
step 3998/12000  loss=1.7955
step 3999/12000  loss=1.7784
== step 4000/12000  loss=1.6719  PPL=5.79  (15490s) ==
step 4001/12000  loss=1.7289
step 4002/12000  loss=1.7900
step 4003/12000  loss=1.7562
step 4004/12000  loss=1.7295
step 4005/12000  loss=1.7190
step 4006/12000  loss=1.7783
step 4007/12000  loss=1.7297
step 4008/12000  loss=1.7377
step 4009/12000  loss=1.7400
step 4010/12000  loss=1.7341
step 4011/12000  loss=1.7687
step 4012/12000  loss=1.8135
step 4013/12000  loss=1.7895
step 4014/12000  loss=1.7321
step 4015/12000  loss=1.6477
step 4016/12000  loss=1.7933
step 4017/12000  loss=1.8062
step 4018/12000  loss=1.7964
step 4019/12000  loss=1.7359
step 4020/12000  loss=1.8132
step 4021/12000  loss=1.8000
step 4022/12000  loss=1.7223
step 4023/12000  loss=1.8430
step 4024/12000  loss=1.6861
step 4025/12000  loss=1.8004
step 4026/12000  loss=1.7507
step 4027/12000  loss=1.7287
step 4028/12000  loss=1.8136
step 4029/12000  loss=1.7110
step 4030/12000  loss=1.7182
step 4031/12000  loss=1.7033
step 4032/12000  loss=1.6945
step 4033/12000  loss=1.6522
step 4034/12000  loss=1.7144
step 4035/12000  loss=1.7072
step 4036/12000  loss=1.7579
step 4037/12000  loss=1.7896
step 4038/12000  loss=1.6968
step 4039/12000  loss=1.7719
step 4040/12000  loss=1.7158
step 4041/12000  loss=1.6911
step 4042/12000  loss=1.7542
step 4043/12000  loss=1.8123
step 4044/12000  loss=1.6809
step 4045/12000  loss=1.7634
step 4046/12000  loss=1.7224
step 4047/12000  loss=1.7654
step 4048/12000  loss=1.7057
step 4049/12000  loss=1.7419
step 4050/12000  loss=1.7581
step 4051/12000  loss=1.7377
step 4052/12000  loss=1.5776
step 4053/12000  loss=1.7363
step 4054/12000  loss=1.7450
step 4055/12000  loss=1.7316
step 4056/12000  loss=1.8408
step 4057/12000  loss=1.6832
step 4058/12000  loss=1.6265
step 4059/12000  loss=1.7644
step 4060/12000  loss=1.7609
step 4061/12000  loss=1.7780
step 4062/12000  loss=1.8156
step 4063/12000  loss=1.7212
step 4064/12000  loss=1.7735
step 4065/12000  loss=1.7564
step 4066/12000  loss=1.7127
step 4067/12000  loss=1.7889
step 4068/12000  loss=1.7398
step 4069/12000  loss=1.7304
step 4070/12000  loss=1.7690
step 4071/12000  loss=1.7507
step 4072/12000  loss=1.7831
step 4073/12000  loss=1.8077
step 4074/12000  loss=1.7947
step 4075/12000  loss=1.7774
step 4076/12000  loss=1.7390
step 4077/12000  loss=1.7220
step 4078/12000  loss=1.7248
step 4079/12000  loss=1.6953
step 4080/12000  loss=1.6885
step 4081/12000  loss=1.7946
step 4082/12000  loss=1.7614
step 4083/12000  loss=1.7659
step 4084/12000  loss=1.6415
step 4085/12000  loss=1.6349
step 4086/12000  loss=1.7435
step 4087/12000  loss=1.7631
step 4088/12000  loss=1.7121
step 4089/12000  loss=1.7018
step 4090/12000  loss=1.7579
step 4091/12000  loss=1.7512
step 4092/12000  loss=1.6635
step 4093/12000  loss=1.7733
step 4094/12000  loss=1.6944
step 4095/12000  loss=1.7661
step 4096/12000  loss=1.8132
step 4097/12000  loss=1.7337
step 4098/12000  loss=1.7671
step 4099/12000  loss=1.7443
step 4100/12000  loss=1.6970
step 4101/12000  loss=1.7257
step 4102/12000  loss=1.8737
step 4103/12000  loss=1.7478
step 4104/12000  loss=1.7567
step 4105/12000  loss=1.8430
step 4106/12000  loss=1.7176
step 4107/12000  loss=1.7331
step 4108/12000  loss=1.8281
step 4109/12000  loss=1.7889
step 4110/12000  loss=1.6955
step 4111/12000  loss=1.7858
step 4112/12000  loss=1.7863
step 4113/12000  loss=1.7272
step 4114/12000  loss=1.7856
step 4115/12000  loss=1.7725
step 4116/12000  loss=1.7289
step 4117/12000  loss=1.6770
step 4118/12000  loss=1.7898
step 4119/12000  loss=1.8352
step 4120/12000  loss=1.7372
step 4121/12000  loss=1.7120
step 4122/12000  loss=1.7564
step 4123/12000  loss=1.7573
step 4124/12000  loss=1.7700
step 4125/12000  loss=1.7853
step 4126/12000  loss=1.7719
step 4127/12000  loss=1.7742
step 4128/12000  loss=1.6825
step 4129/12000  loss=1.7236
step 4130/12000  loss=1.7202
step 4131/12000  loss=1.8205
step 4132/12000  loss=1.6494
step 4133/12000  loss=1.8642
step 4134/12000  loss=1.7551
step 4135/12000  loss=1.7565
step 4136/12000  loss=1.7360
step 4137/12000  loss=1.6936
step 4138/12000  loss=1.7405
step 4139/12000  loss=1.7719
step 4140/12000  loss=1.8085
step 4141/12000  loss=1.7374
step 4142/12000  loss=1.7179
step 4143/12000  loss=1.7123
step 4144/12000  loss=1.7134
step 4145/12000  loss=1.6512
step 4146/12000  loss=1.8002
step 4147/12000  loss=1.7340
step 4148/12000  loss=1.7103
step 4149/12000  loss=1.7338
step 4150/12000  loss=1.8385
step 4151/12000  loss=1.8454
step 4152/12000  loss=1.7617
step 4153/12000  loss=1.7386
step 4154/12000  loss=1.6999
step 4155/12000  loss=1.7162
step 4156/12000  loss=1.7735
step 4157/12000  loss=1.7212
step 4158/12000  loss=1.7970
step 4159/12000  loss=1.7869
step 4160/12000  loss=1.6651
step 4161/12000  loss=1.7202
step 4162/12000  loss=1.8150
step 4163/12000  loss=1.7184
step 4164/12000  loss=1.7398
step 4165/12000  loss=1.7802
step 4166/12000  loss=1.7851
step 4167/12000  loss=1.7275
step 4168/12000  loss=1.7733
step 4169/12000  loss=1.7657
step 4170/12000  loss=1.7583
step 4171/12000  loss=1.7316
step 4172/12000  loss=1.8376
step 4173/12000  loss=1.8101
step 4174/12000  loss=1.7489
step 4175/12000  loss=1.8043
step 4176/12000  loss=1.6541
step 4177/12000  loss=1.7843
step 4178/12000  loss=1.7267
step 4179/12000  loss=1.6893
step 4180/12000  loss=1.7619
step 4181/12000  loss=1.7656
step 4182/12000  loss=1.7143
step 4183/12000  loss=1.8063
step 4184/12000  loss=1.7595
step 4185/12000  loss=1.7889
step 4186/12000  loss=1.7513
step 4187/12000  loss=1.7028
step 4188/12000  loss=1.6828
step 4189/12000  loss=1.7586
step 4190/12000  loss=1.8059
step 4191/12000  loss=1.7597
step 4192/12000  loss=1.7321
step 4193/12000  loss=1.7446
step 4194/12000  loss=1.8686
step 4195/12000  loss=1.7256
step 4196/12000  loss=1.7436
step 4197/12000  loss=1.7134
step 4198/12000  loss=1.8648
step 4199/12000  loss=1.7530
step 4200/12000  loss=1.7279
step 4201/12000  loss=1.7072
step 4202/12000  loss=1.6861
step 4203/12000  loss=1.7724
step 4204/12000  loss=1.7849
step 4205/12000  loss=1.7578
step 4206/12000  loss=1.7155
step 4207/12000  loss=1.7114
step 4208/12000  loss=1.8079
step 4209/12000  loss=1.7443
step 4210/12000  loss=1.7162
step 4211/12000  loss=1.7452
step 4212/12000  loss=1.7494
step 4213/12000  loss=1.7173
step 4214/12000  loss=1.7644
step 4215/12000  loss=1.7999
step 4216/12000  loss=1.7755
step 4217/12000  loss=1.7629
step 4218/12000  loss=1.8252
step 4219/12000  loss=1.7415
step 4220/12000  loss=1.6499
step 4221/12000  loss=1.7859
step 4222/12000  loss=1.7803
step 4223/12000  loss=1.6649
step 4224/12000  loss=1.7280
step 4225/12000  loss=1.8306
step 4226/12000  loss=1.7556
step 4227/12000  loss=1.7360
step 4228/12000  loss=1.7843
step 4229/12000  loss=1.7187
step 4230/12000  loss=1.7383
step 4231/12000  loss=1.7130
step 4232/12000  loss=1.8123
step 4233/12000  loss=1.7776
step 4234/12000  loss=1.8076
step 4235/12000  loss=1.6931
step 4236/12000  loss=1.7110
step 4237/12000  loss=1.7250
step 4238/12000  loss=1.8201
step 4239/12000  loss=1.8000
step 4240/12000  loss=1.6913
step 4241/12000  loss=1.7476
step 4242/12000  loss=1.7030
step 4243/12000  loss=1.7237
step 4244/12000  loss=1.7473
step 4245/12000  loss=1.8455
step 4246/12000  loss=1.7801
step 4247/12000  loss=1.6905
step 4248/12000  loss=1.7682
step 4249/12000  loss=1.7261
step 4250/12000  loss=1.8341
step 4251/12000  loss=1.6939
step 4252/12000  loss=1.7215
step 4253/12000  loss=1.7808
step 4254/12000  loss=1.6705
step 4255/12000  loss=1.7278
step 4256/12000  loss=1.7495
step 4257/12000  loss=1.7503
step 4258/12000  loss=1.8249
step 4259/12000  loss=1.7175
step 4260/12000  loss=1.7313
step 4261/12000  loss=1.7352
step 4262/12000  loss=1.7548
step 4263/12000  loss=1.7701
step 4264/12000  loss=1.7830
step 4265/12000  loss=1.8037
step 4266/12000  loss=1.6895
step 4267/12000  loss=1.6457
step 4268/12000  loss=1.6843
step 4269/12000  loss=1.7539
step 4270/12000  loss=1.7955
step 4271/12000  loss=1.7286
step 4272/12000  loss=1.7192
step 4273/12000  loss=1.7938
step 4274/12000  loss=1.7606
step 4275/12000  loss=1.7853
step 4276/12000  loss=1.7794
step 4277/12000  loss=1.8228
step 4278/12000  loss=1.7816
step 4279/12000  loss=1.7539
step 4280/12000  loss=1.7516
step 4281/12000  loss=1.7873
step 4282/12000  loss=1.7933
step 4283/12000  loss=1.7901
step 4284/12000  loss=1.8172
step 4285/12000  loss=1.7947
step 4286/12000  loss=1.7570
step 4287/12000  loss=1.8047
step 4288/12000  loss=1.7155
step 4289/12000  loss=1.7866
step 4290/12000  loss=1.7743
step 4291/12000  loss=1.7437
step 4292/12000  loss=1.7508
step 4293/12000  loss=1.6605
step 4294/12000  loss=1.6977
step 4295/12000  loss=1.7353
step 4296/12000  loss=1.8933
step 4297/12000  loss=1.7150
step 4298/12000  loss=1.7220
step 4299/12000  loss=1.7852
step 4300/12000  loss=1.6934
step 4301/12000  loss=1.8093
step 4302/12000  loss=1.8157
step 4303/12000  loss=1.7335
step 4304/12000  loss=1.7014
step 4305/12000  loss=1.6997
step 4306/12000  loss=1.6829
step 4307/12000  loss=1.7785
step 4308/12000  loss=1.7357
step 4309/12000  loss=1.6731
step 4310/12000  loss=1.7532
step 4311/12000  loss=1.6874
step 4312/12000  loss=1.7572
step 4313/12000  loss=1.6814
step 4314/12000  loss=1.8483
step 4315/12000  loss=1.7302
step 4316/12000  loss=1.7675
step 4317/12000  loss=1.8297
step 4318/12000  loss=1.6988
step 4319/12000  loss=1.6950
step 4320/12000  loss=1.7334
step 4321/12000  loss=1.7065
step 4322/12000  loss=1.7713
step 4323/12000  loss=1.7654
step 4324/12000  loss=1.7451
step 4325/12000  loss=1.7451
step 4326/12000  loss=1.8361
step 4327/12000  loss=1.7011
step 4328/12000  loss=1.7535
step 4329/12000  loss=1.7539
step 4330/12000  loss=1.6761
step 4331/12000  loss=1.7952
step 4332/12000  loss=1.7498
step 4333/12000  loss=1.6767
step 4334/12000  loss=1.6961
step 4335/12000  loss=1.7966
step 4336/12000  loss=1.7879
step 4337/12000  loss=1.7003
step 4338/12000  loss=1.7822
step 4339/12000  loss=1.7674
step 4340/12000  loss=1.6927
step 4341/12000  loss=1.7941
step 4342/12000  loss=1.7067
step 4343/12000  loss=1.7863
step 4344/12000  loss=1.7705
step 4345/12000  loss=1.7616
step 4346/12000  loss=1.7953
step 4347/12000  loss=1.7645
step 4348/12000  loss=1.7713
step 4349/12000  loss=1.7961
step 4350/12000  loss=1.7160
step 4351/12000  loss=1.7470
step 4352/12000  loss=1.7419
step 4353/12000  loss=1.7016
step 4354/12000  loss=1.7292
step 4355/12000  loss=1.7920
step 4356/12000  loss=1.7790
step 4357/12000  loss=1.7449
step 4358/12000  loss=1.7022
step 4359/12000  loss=1.6818
step 4360/12000  loss=1.7713
step 4361/12000  loss=1.7476
step 4362/12000  loss=1.7383
step 4363/12000  loss=1.7156
step 4364/12000  loss=1.7215
step 4365/12000  loss=1.6967
step 4366/12000  loss=1.8126
step 4367/12000  loss=1.7096
step 4368/12000  loss=1.7651
step 4369/12000  loss=1.7262
step 4370/12000  loss=1.6938
step 4371/12000  loss=1.6913
step 4372/12000  loss=1.7388
step 4373/12000  loss=1.7199
step 4374/12000  loss=1.7021
step 4375/12000  loss=1.8321
step 4376/12000  loss=1.7656
step 4377/12000  loss=1.7235
step 4378/12000  loss=1.7289
step 4379/12000  loss=1.7969
step 4380/12000  loss=1.7789
step 4381/12000  loss=1.7667
step 4382/12000  loss=1.8680
step 4383/12000  loss=1.7801
step 4384/12000  loss=1.7244
step 4385/12000  loss=1.7123
step 4386/12000  loss=1.7918
step 4387/12000  loss=1.7319
step 4388/12000  loss=1.7384
step 4389/12000  loss=1.8192
step 4390/12000  loss=1.7571
step 4391/12000  loss=1.8043
step 4392/12000  loss=1.7204
step 4393/12000  loss=1.7862
step 4394/12000  loss=1.7264
step 4395/12000  loss=1.7913
step 4396/12000  loss=1.7518
step 4397/12000  loss=1.7514
step 4398/12000  loss=1.7912
step 4399/12000  loss=1.7985
step 4400/12000  loss=1.8337
step 4401/12000  loss=1.8541
step 4402/12000  loss=1.7563
step 4403/12000  loss=1.6975
step 4404/12000  loss=1.6619
step 4405/12000  loss=1.7329
step 4406/12000  loss=1.7145
step 4407/12000  loss=1.8048
step 4408/12000  loss=1.7591
step 4409/12000  loss=1.7388
step 4410/12000  loss=1.6581
step 4411/12000  loss=1.7976
step 4412/12000  loss=1.7815
step 4413/12000  loss=1.7230
step 4414/12000  loss=1.7425
step 4415/12000  loss=1.7330
step 4416/12000  loss=1.7587
step 4417/12000  loss=1.7752
step 4418/12000  loss=1.7004
step 4419/12000  loss=1.7361
step 4420/12000  loss=1.6857
step 4421/12000  loss=1.7983
step 4422/12000  loss=1.7756
step 4423/12000  loss=1.7102
step 4424/12000  loss=1.7560
step 4425/12000  loss=1.6433
step 4426/12000  loss=1.8469
step 4427/12000  loss=1.8105
step 4428/12000  loss=1.7154
step 4429/12000  loss=1.7603
step 4430/12000  loss=1.7833
step 4431/12000  loss=1.7563
step 4432/12000  loss=1.7615
step 4433/12000  loss=1.7235
step 4434/12000  loss=1.7895
step 4435/12000  loss=1.6276
step 4436/12000  loss=1.6260
step 4437/12000  loss=1.7472
step 4438/12000  loss=1.7446
step 4439/12000  loss=1.7612
step 4440/12000  loss=1.6649
step 4441/12000  loss=1.7178
step 4442/12000  loss=1.8053
step 4443/12000  loss=1.6670
step 4444/12000  loss=1.7595
